-- MySQL dump 10.13  Distrib 8.0.33, for Win64 (x86_64)
--
-- Host: mysql-db.cdauqawww5q3.us-west-2.rds.amazonaws.com    Database: mysql_db
-- ------------------------------------------------------
-- Server version	8.0.35

/*!40101 SET @OLD_CHARACTER_SET_CLIENT=@@CHARACTER_SET_CLIENT */;
/*!40101 SET @OLD_CHARACTER_SET_RESULTS=@@CHARACTER_SET_RESULTS */;
/*!40101 SET @OLD_COLLATION_CONNECTION=@@COLLATION_CONNECTION */;
/*!50503 SET NAMES utf8 */;
/*!40103 SET @OLD_TIME_ZONE=@@TIME_ZONE */;
/*!40103 SET TIME_ZONE='+00:00' */;
/*!40014 SET @OLD_UNIQUE_CHECKS=@@UNIQUE_CHECKS, UNIQUE_CHECKS=0 */;
/*!40014 SET @OLD_FOREIGN_KEY_CHECKS=@@FOREIGN_KEY_CHECKS, FOREIGN_KEY_CHECKS=0 */;
/*!40101 SET @OLD_SQL_MODE=@@SQL_MODE, SQL_MODE='NO_AUTO_VALUE_ON_ZERO' */;
/*!40111 SET @OLD_SQL_NOTES=@@SQL_NOTES, SQL_NOTES=0 */;
SET @MYSQLDUMP_TEMP_LOG_BIN = @@SESSION.SQL_LOG_BIN;
SET @@SESSION.SQL_LOG_BIN= 0;

--
-- GTID state at the beginning of the backup 
--

SET @@GLOBAL.GTID_PURGED=/*!80000 '+'*/ '';

--
-- Table structure for table `boulders`
--

DROP TABLE IF EXISTS `boulders`;
/*!40101 SET @saved_cs_client     = @@character_set_client */;
/*!50503 SET character_set_client = utf8mb4 */;
CREATE TABLE `boulders` (
  `id` int NOT NULL AUTO_INCREMENT,
  `locationId` int NOT NULL,
  `rating` int NOT NULL,
  `colour` varchar(45) NOT NULL,
  `boulderType` varchar(45) NOT NULL,
  `description` varchar(256) NOT NULL,
  `setStartDate` date NOT NULL,
  `setEndDate` date DEFAULT NULL,
  PRIMARY KEY (`id`),
  UNIQUE KEY `id_UNIQUE` (`id`),
  KEY `locationId_idx` (`locationId`),
  CONSTRAINT `locationId` FOREIGN KEY (`locationId`) REFERENCES `locations` (`id`)
) ENGINE=InnoDB AUTO_INCREMENT=603 DEFAULT CHARSET=utf8mb4 COLLATE=utf8mb4_0900_ai_ci;
/*!40101 SET character_set_client = @saved_cs_client */;

--
-- Dumping data for table `boulders`
--

LOCK TABLES `boulders` WRITE;
/*!40000 ALTER TABLE `boulders` DISABLE KEYS */;
INSERT INTO `boulders` VALUES (11,13,1,'Yellow','Slab','Nice and easy warmup','2023-10-06','2023-11-21'),(12,13,2,'Purple','Slab','Interesting grape-like holds','2023-10-06','2023-11-21'),(13,13,2,'Black','Overhang','Involves a few powerful moves including some catches and pinches','2023-10-06','2023-11-21'),(14,13,4,'Pink','Slab','Bad rounded crimps','2023-10-06','2023-11-21'),(15,14,5,'Blue','Overhang','Very tough start with complete horizontal for 5+ moves','2023-10-07','2023-10-29'),(16,14,4,'Blue','Overhang','Really intense start, but straightforward crimps','2023-10-07','2023-10-29'),(17,14,2,'Yellow','Overhang','A lot harder than graded due to poor holds and constant overhand','2023-10-07','2023-10-29'),(18,14,3,'Red','Overhang','Very long with fairly good holds, key is to go fast before losing strength','2023-10-07','2023-10-29'),(19,15,4,'Pink','Slab','One mover dyno','2023-10-07','2023-10-29'),(20,14,3,'Green','Overhang','Bad pinch start into a tough reach on the second to last move','2023-10-07','2023-10-29'),(21,14,3,'Black','Overhang','Fun with lots of different moves: mantle, pinches, crimps, etc','2023-10-07','2023-10-29'),(22,15,4,'Red','Slab','Banana holds were pretty good and not too hard','2023-10-07','2023-10-29'),(23,15,3,'Green','Slab','Very reachy boulder with a nice heel hook finish','2023-10-07','2023-10-29'),(24,16,3,'Black','Slab','Cool boulder with lots of volumes','2023-10-07','2023-10-29'),(25,16,4,'Yellow','Slab','Weird sit start and far dyno move','2023-10-07','2023-10-29'),(27,18,4,'Black','Slab','Light 4, hard crimps at the beginning, but nothing too complex','2023-10-07','2023-10-29'),(28,19,1,'Pink','Overhang','Fun cool-down boulder','2023-10-07','2023-10-29'),(38,40,-1,'Black','Slab','chill climb with flowy feel','2023-10-13','2023-10-18'),(39,40,-1,'Blue','Slab','fun corner climb with the human hold','2023-10-13','2023-10-18'),(40,33,3,'Black','Overhang','disc like holds made it a bit more challenging given how many holds there are','2023-10-12','2023-11-29'),(41,32,2,'Green','Slab','only tricky part is the high heel at the end','2023-10-12','2023-11-29'),(42,31,3,'Black','Slab','smaller ledges are surprisingly good','2023-10-12','2023-11-10'),(43,31,2,'Pink','Slab','tricky one because of how balancy the boulder is, need to go nice and slow','2023-10-12','2023-11-10'),(44,30,3,'Black','Overhang','strong first move into two bad ledges','2023-10-13','2023-11-08'),(45,30,3,'Pink','Overhang','easy 3, cool momentum move at the beginning','2023-10-13','2023-11-08'),(46,30,3,'Green','Overhang','longer route makes it a bit more tiring','2023-10-13','2023-11-08'),(47,39,3,'Yellow','Slab','banana holds are pretty good','2023-10-12','2023-10-25'),(48,39,3,'Pink','Slab','walk over with left foot into standing is the superior beta','2023-10-12','2023-10-25'),(49,29,4,'Black','Overhang','pretty easy 4, all holds were very juggy','2023-10-13','2023-11-02'),(50,29,4,'Purple','Overhang','cool use of the volume to create a nice right hand','2023-10-13','2023-11-02'),(51,30,4,'Pink','Slab','tough pinches into a wide right hand','2023-10-13','2023-11-08'),(52,29,1,'Orange','Overhang','dino holds + very long route','2023-10-12','2023-11-02'),(53,29,4,'Yellow','Overhang','cool toe hook into a heel','2023-10-13','2023-11-02'),(54,38,4,'Yellow','Overhang','tough 3rd move, not too hard otherwise','2023-10-12','2023-10-25'),(55,27,3,'Orange','Overhang','TEST BOULDER 1','2023-10-13','0000-00-00'),(56,27,1,'Blue','Slab','TEST BOULDER 2','2023-10-06','0000-00-00'),(57,26,3,'Blue','Slab','Awkward as all holds at the top are side pulls in the same direction','2023-10-14','2023-11-02'),(58,26,2,'Yellow','Slab','Light warmup 2','2023-10-14','2023-11-02'),(59,26,3,'Orange','Slab','Holds are a lot better than they look','2023-10-14','2023-11-02'),(60,28,4,'Purple','Slab','Hard first dyno + bicep heavy stepup move into undercling','2023-10-14','2023-11-02'),(61,28,3,'Green','Slab','Very light 3','2023-10-14','2023-11-02'),(63,28,4,'Yellow','Slab','Red hearing right pinch for second move','2023-10-13','2023-11-02'),(66,41,-1,'Purple','Slab','Tough deadpoint out left on move 4','2023-10-13','2023-10-25'),(67,27,2,'Blue','Slab','TEST','2023-10-14','0000-00-00'),(73,56,1,'Pink','Slab','Warmup jugs','2023-10-15','2023-10-21'),(74,57,2,'Blue','Slab','Fun slopey holds','2023-10-15','2023-10-21'),(75,57,3,'Orange','Slab','Flexibility + hard last shoulder move','2023-10-15','2023-10-21'),(76,57,4,'Yellow','Slab','Questionable start + finish, okay middle','2023-10-15','2023-10-21'),(77,46,2,'Blue','Slab','Good quality shoes required','2023-10-13','2023-11-05'),(78,46,3,'Pink','Slab','Smear start','2023-10-14','2023-11-05'),(79,46,2,'Blue','Slab','Staircase with slight slopers','2023-10-14','2023-11-24'),(80,47,3,'Green','Overhang','Tough last pinch finish on volume','2023-10-14','2023-11-24'),(81,47,4,'Blue','Overhang','One mover dyno (lache) on move 2','2023-10-14','2023-11-24'),(82,47,3,'Orange','Overhang','Extra heel hook needed due to reach','2023-10-14','2023-11-24'),(83,48,3,'Yellow','Overhang','Pinches + dyno trust last hold','2023-10-15','2023-11-05'),(84,49,4,'Blue','Slab','Straightforward mantle','2023-10-15','2023-11-05'),(85,49,4,'Black','Slab','My beta is to human flag to the second hold. Top is super sketch as you have to stand on the volume','2023-10-15','2023-11-05'),(86,50,3,'Green','Overhang','Large dyno half way in','2023-10-15','2023-11-05'),(87,50,2,'Green','Overhang','fun campus practice','2023-10-15','2023-11-05'),(88,51,3,'Black','Slab','Awful half crimps','2023-10-15','2023-11-24'),(89,51,4,'Blue','Slab','Sketchy corner climb with small cups for hands and feet','2023-10-15','2023-11-24'),(90,53,3,'Pink','Overhang','un-campusable','2023-10-15','2023-12-08'),(91,53,4,'Yellow','Overhang','Fun took hook start, easy top','2023-10-15','2023-11-05'),(92,53,3,'Green','Overhang','Fun campus','2023-10-15','2023-11-05'),(93,54,2,'Black','Slab','Cool body position focused boulder','2023-10-15','2023-10-21'),(97,32,1,'Orange','Slab','Warmup','2023-10-16','2023-11-29'),(98,33,2,'Purple','Overhang','Cushy holds','2023-10-16','2023-11-29'),(99,31,3,'Blue','Slab','Sketchy last deadpoint move','2023-10-16','2023-11-10'),(100,37,3,'Purple','Slab','Weird dyno in the middle','2023-10-16','2023-10-25'),(101,37,3,'Black','Slab','Very cruisey with a few gastons','2023-10-16','2023-10-25'),(102,36,3,'Yellow','Overhang','Layback the entire way','2023-10-17','2023-11-02'),(103,37,3,'Yellow','Slab','Trickier than expected given how many holds there are','2023-10-16','2023-10-25'),(104,38,4,'Black','Overhang','lots of crimps/bad body positions','2023-10-16','2023-10-25'),(105,41,-1,'Pink','Slab','Fun slab/volume style boulder','2023-10-16','2023-10-25'),(106,40,-1,'Purple','Slab','Awkward move up right (not tall enought)','2023-10-17','2023-10-25'),(107,40,-1,'Yellow','Slab','Hard second move / cramped body position','2023-10-17','2023-10-25'),(109,35,4,'Green','Overhang','Tough first move + second to last move','2023-10-18','2023-11-10'),(110,52,1,'Black','Slab','Good holds','2023-10-21','2023-11-05'),(111,54,2,'Orange','Slab','Light 2','2023-10-21','2023-12-08'),(112,54,-1,'Yellow','Slab','Cool start on undercling, trivial finish','2023-10-21','2023-12-08'),(113,52,2,'Pink','Slab','Light 2','2023-10-21','2023-11-05'),(114,52,3,'Purple','Slab','Grape like holds are ok, but require a lot of pinching strength','2023-10-21','2023-11-05'),(115,52,3,'Blue','Slab','Light 3','2023-10-21','2023-11-05'),(116,55,2,'Green','Slab','Chill warmup style climb','2023-10-20','2023-12-08'),(117,55,-1,'Yellow','Slab','Fun stand start on one hold, bicep heavy pinch finish','2023-10-21','2023-11-05'),(118,56,3,'Black','Slab','Fun climb with cool heel and toe moves','2023-10-20','2023-11-24'),(119,57,-1,'Green','Slab','Two mover, first move is a big, awkward dyno to the left','2023-10-21','2023-11-24'),(120,57,-1,'Purple','Slab','Short crimp, can be done in 2 moves','2023-10-21','2023-11-24'),(121,46,4,'Orange','Slab','Sketchy feet throughout','2023-10-21','2023-11-05'),(122,47,4,'Yellow','Overhang','Cool starting sequence, bad heel to progress out of overhang','2023-10-20','2023-11-24'),(123,48,4,'Blue','Slab','Light 4, only hard part was reach','2023-10-21','2023-11-05'),(124,52,4,'Yellow','Overhang','Tough starting position + bad slopers','2023-10-21','2023-11-05'),(125,51,4,'Purple','Slab','Really hard first move gaston to a crimp','2023-10-21','2023-11-24'),(126,52,4,'Pink','Slab','Just crimps, got to last hold twice','2023-10-21','2023-11-05'),(127,52,4,'Purple','Slab','Confusing 2nd move standup to flat side pull','2023-10-20','2023-11-05'),(128,52,3,'Green','Slab','fun double catch move','2023-10-21','2023-11-05'),(129,30,2,'Black','Overhang','Easy 2','2023-10-24','2023-11-08'),(130,31,2,'Purple','Slab','Ok warmup','2023-10-24','2023-11-10'),(131,30,1,'Blue','Slab','Short warmup','2023-10-25','2023-11-08'),(132,31,3,'Yellow','Slab','Tricky first move','2023-10-25','2023-11-10'),(133,40,3,'Black','Slab','Tough last move, one arm pushup','2023-10-25','2023-11-29'),(134,34,4,'Blue','Slab','Tough crimp grab into weird human flag move','2023-10-24','2023-11-29'),(135,34,3,'Yellow','Slab','Cool but sketchy top from a compression','2023-10-24','2023-11-29'),(136,34,4,'Purple','Slab','Light 4','2023-10-24','2023-11-29'),(137,39,2,'Blue','Slab','Fun chill warmup','2023-10-24','2023-11-29'),(138,39,4,'Pink','Slab','Awkward bad crimps with positioning','2023-10-24','2023-11-29'),(139,36,4,'Pink','Overhang','Long route with ok holds, tough in the middle to place the foot ','2023-10-24','2023-11-02'),(143,18,1,'Yellow','Slab','Chill warmup','2023-10-29','2023-12-20'),(144,18,2,'Black','Slab','Hard 2 due to technical body positions','2023-10-28','2023-12-20'),(145,17,2,'Green','Slab','Dyno in the middle','2023-10-28','2023-11-21'),(146,16,2,'Red','Overhang','Very flowy','2023-10-28','2023-11-21'),(147,16,2,'Black','Slab','Fun moves','2023-10-28','2023-11-21'),(148,16,3,'Green','Overhang','Cool sequence of moves, volumes into overhang','2023-10-28','2023-11-21'),(149,14,3,'Black','Overhang','Technical drop knees into dyno skip last 2 holds','2023-10-28','2023-11-21'),(150,14,3,'Red','Overhang','Long route with decent holds','2023-10-28','2023-11-21'),(151,15,4,'Yellow','Slab','Very crimpy, but good crimps','2023-10-28','2023-11-21'),(152,15,3,'Pink','Slab','Fun running dyno to start','2023-10-28','2023-11-21'),(154,16,4,'Blue','Overhang','Large start dyno','2023-10-28','2023-11-21'),(155,20,4,'Yellow','Slab','Hard first double coordinated dyno','2023-10-28','2023-11-21'),(156,19,3,'Yellow','Overhang','Short with campus pockets','2023-10-29','2023-12-20'),(157,19,4,'Pink','Overhang','Tough toe hook','2023-10-29','2023-12-20'),(158,19,5,'Yellow','Overhang','Bad slopers','2023-10-29','2023-12-20'),(159,14,4,'Black','Overhang','Long but good shell holds','2023-10-28','2023-11-21'),(160,32,2,'Yellow','Slab','Easy traverse','2023-11-02','2023-11-29'),(161,31,3,'Black','Slab','Bad second to last pinch','2023-11-02','2023-11-10'),(162,26,3,'Yellow','Slab','Two mover','2023-11-02','2023-11-29'),(163,28,4,'Pink','Slab','Bad slopers, muscled through','2023-11-01','2023-11-29'),(164,28,2,'Blue','Overhang','Juggy all around','2023-11-01','2023-11-29'),(165,29,5,'Yellow','Overhang','Hard far crimp like holds','2023-11-01','2023-11-29'),(167,28,3,'Purple','Slab','','2023-11-01','2023-11-29'),(168,28,4,'Black','Slab','Big dyno move 1','2023-11-01','2023-11-29'),(169,39,4,'Purple','Overhang','Tough mantle into a far right hand reach to a sloper','2023-11-02','2023-11-29'),(170,38,4,'Orange','Overhang','Very beta specific climb with cool volume feature','2023-11-01','2023-11-29'),(171,38,4,'Yellow','Overhang','Crimp bananas, very strength intensive','2023-11-01','2023-11-29'),(172,36,4,'Pink','Overhang','Tough crimps, very easy to read though','2023-11-01','2023-11-29'),(173,55,2,'Orange','Slab','Around the corner bait','2023-11-05','2023-12-08'),(174,56,3,'Green','Slab','Pockets','2023-11-05','2023-11-24'),(175,46,2,'Black','Slab','Fun 4 limb start with mantle move','2023-11-05','2023-11-24'),(176,46,2,'Pink','Slab','Not bad shells ','2023-11-05','2023-11-24'),(177,48,3,'Blue','Slab','Comp boulder with tricky start but ok holds','2023-11-05','2023-11-24'),(178,48,4,'Yellow','Overhang','Light 4, top is sketchy with sloper','2023-11-05','2023-11-24'),(179,49,1,'Purple','Slab','HUMAN','2023-11-05','2023-11-24'),(180,50,5,'Blue','Overhang','Interesting dino like holds with far moves and tough feet','2023-11-04','2023-12-08'),(181,52,3,'Blue','Slab','Pinchy dyno can be staticted','2023-11-05','2023-12-08'),(182,53,3,'Yellow','Overhang','Tricky start with far moves','2023-11-05','2023-12-08'),(183,34,1,'Orange','Slab','Easy warmup','2023-11-08','2023-11-29'),(184,40,2,'Green','Overhang','Helen doesn’t like the holds (slopey)','2023-11-08','2023-11-29'),(185,40,2,'Yellow','Slab','Fun corner climb','2023-11-08','2023-11-29'),(186,40,2,'Pink','Overhang','','2023-11-08','2023-11-29'),(187,30,-1,'Yellow','Overhang','Fun dynamic start with lots of technique','2023-11-08','2023-11-29'),(188,30,-1,'Black','Overhang','','2023-11-08','2023-11-29'),(189,30,-1,'Blue','Overhang','Hard crimps','2023-11-08','2023-11-29'),(190,29,4,'Black','Overhang','Weird holds and cool top','2023-11-07','2023-11-29'),(191,29,4,'Blue','Overhang','Really cool inverted start into toe hook to heel transition','2023-11-08','2023-11-29'),(192,29,3,'Green','Overhang','Slippery feey','2023-11-08','2023-11-29'),(193,37,1,'Yellow','Slab','Shallow holds','2023-11-10','2023-11-29'),(194,38,2,'Black','Overhang','Fun 2, with juggy holds','2023-11-10','2023-11-29'),(195,37,3,'Blue','Overhang','Easy 3 other than 2nd to last holds','2023-11-10','2023-11-29'),(196,38,3,'Green','Overhang','Fun 3 with good holds ','2023-11-10','2023-11-29'),(197,39,3,'Pink','Overhang','Tough last 3 holds but easy otherwise','2023-11-10','2023-11-29'),(198,29,3,'Black','Overhang','Tough top half','2023-11-10','2023-11-29'),(199,29,3,'Pink','Overhang','Good holds with straightforward route','2023-11-10','2023-11-29'),(200,39,3,'Black','Overhang','Fun 3 with lots of pinches, bit sketchy when they get greasy','2023-11-10','2023-11-29'),(201,37,3,'Orange','Slab','Fun first side ways dyno into some slopers','2023-11-10','2023-11-29'),(202,36,3,'Orange','Overhang','Cool cave problem with many different styles','2023-11-01','2023-11-29'),(203,35,4,'Yellow','Slab','Lots of pinches, last move is hard due to compression ','2023-11-10','2023-11-29'),(204,36,5,'Yellow','Overhang','Hard compression moves','2023-11-01','2023-11-29'),(207,59,1,'Blue','Overhang','f','2023-11-21','2023-11-23'),(208,51,1,'Purple','Slab','Easy warmup','2023-11-24','2023-12-08'),(209,52,2,'Green','Slab','Warmup','2023-11-24','2023-12-08'),(210,50,2,'Blue','Overhang','Good holds','2023-11-24','2023-12-08'),(211,50,3,'Yellow','Overhang','Slopey holds dyno moves','2023-11-24','2023-12-08'),(212,52,3,'Pink','Slab','3 mover, lots of technique','2023-11-24','2023-12-08'),(213,50,4,'Yellow','Overhang','Slopers','2023-11-24','2023-12-08'),(214,52,3,'Orange','Slab','Interesting finish due to poor body position and bad feet','2023-11-24','2023-12-08'),(215,53,4,'Green','Overhang','Tough first gaston, far move','2023-11-24','2023-12-08'),(216,57,3,'Black','Slab','Fun swingy moves','2023-11-23','2023-12-31'),(217,56,4,'Purple','Slab','Fun sit start plus mantle with intestine holds','2023-11-23','2023-12-31'),(218,47,4,'Blue','Overhang','Bad 2 finger pockets','2023-11-24','2023-12-31'),(219,48,4,'Purple','Overhang','Interesting start sequence with compression','2023-11-24','2023-12-31'),(220,47,4,'Orange','Overhang','Toe hook start with bad side pulls','2023-11-24','2023-12-31'),(221,49,3,'Green','Slab','Hard 3','2023-11-24','2023-12-31'),(222,49,4,'Blue','Slab','Tough crimps','2023-11-24','2023-12-31'),(225,64,-1,'Black','Slab','','2023-11-24','2023-11-25'),(229,59,1,'Purple','Overhang','Warmup','2023-11-26','0000-00-00'),(230,59,1,'Green','Slab','Hard 1','2023-11-26','0000-00-00'),(231,59,2,'Blue','Slab','Flowly climb','2023-11-26','0000-00-00'),(232,59,-1,'Black','Overhang','Lots of good holds','2023-11-26','0000-00-00'),(233,59,3,'Orange','Slab','One mover dyno','2023-11-26','0000-00-00'),(234,59,2,'Blue','Slab','Weird finish, compressed body','2023-11-26','0000-00-00'),(235,59,3,'Pink','Slab','Fun corner climb ','2023-11-26','0000-00-00'),(236,59,3,'Pink','Slab','Crimps','2023-11-26','0000-00-00'),(237,59,3,'Blue','Overhang','Cave climb with lots of physical moves','2023-11-26','0000-00-00'),(238,59,3,'Yellow','Slab','Light 3','2023-11-26','0000-00-00'),(239,59,4,'Orange','Slab','Super greasy holds','2023-11-26','0000-00-00'),(240,59,-1,'Black','Overhang','Short mantle style','2023-11-26','0000-00-00'),(241,59,-1,'Pink','Overhang','Really far dynos and campuses','2023-11-26','0000-00-00'),(242,59,3,'Green','Slab','Corner climb','2023-11-26','0000-00-00'),(243,20,2,'Black','Slab','Corner climb','2023-11-21','2023-12-20'),(244,20,2,'Black','Slab','Catch moves','2023-11-21','2023-12-20'),(245,18,3,'Pink','Slab','Sketchy top, slopey holds','2023-11-21','2023-12-20'),(246,13,4,'Yellow','Slab','Bad top holds','2023-11-21','2023-12-20'),(247,13,3,'Pink','Slab','Lots of good heels, edges','2023-11-21','2023-12-20'),(248,14,2,'Yellow','Overhang','Good big holds, some big moves','2023-11-21','2023-12-20'),(249,14,4,'Pink','Overhang','Light 4, no hard moves','2023-11-21','2023-12-20'),(250,15,3,'Blue','Overhang','Tricky start, but easy finish','2023-11-21','2023-12-20'),(251,16,4,'Pink','Overhang','Easy 4, except last move which is a far reach','2023-11-21','2023-12-20'),(252,20,4,'Green','Slab','3 mover dyno pockets','2023-11-21','2023-12-20'),(253,20,4,'Pink','Slab','Ok holds','2023-11-21','2023-12-20'),(254,20,3,'Black','Slab','Crimps but nothing special','2023-11-21','2023-12-20'),(255,19,4,'Black','Overhang','Very Light 4','2023-11-21','2023-12-20'),(256,20,5,'Blue','Slab','Running dyno','2023-11-21','2023-12-20'),(257,13,5,'Green','Slab','Huge sideways campus move into pullup position','2023-11-21','2023-12-20'),(258,20,3,'Blue','Slab','Sketch','2023-11-21','2023-12-20'),(259,20,4,'Purple','Slab','Very sensitive, full compression','2023-11-21','2023-12-20'),(260,29,1,'Blue','Overhang','Hard 1 despite good shell holds','2023-11-29','2024-01-03'),(261,39,1,'Green','Overhang','Warmup','2023-11-29','2023-12-15'),(262,39,1,'Black','Overhang','Warmup','2023-11-29','2023-12-15'),(263,37,2,'Purple','Slab','Fun warmup','2023-11-29','2023-12-27'),(264,37,2,'Yellow','Overhang','Shallow holds','2023-11-29','2023-12-27'),(265,35,3,'Purple','Slab','Interesting slab deadpoint','2023-11-29','2024-01-03'),(266,36,4,'Pink','Overhang','Lightest 4 ever','2023-11-29','2023-12-27'),(267,35,3,'Pink','Slab','Knee bar top','2023-11-29','2024-01-03'),(268,36,3,'Orange','Overhang','Light 3','2023-11-29','2023-12-27'),(269,39,3,'Purple','Overhang','Very big shouldery moves','2023-11-29','2023-12-15'),(270,38,4,'Black','Overhang','Hard moves','2023-11-28','2023-12-27'),(271,30,4,'Blue','Overhang','Hard first campus move','2023-11-29','2024-01-09'),(272,30,3,'Purple','Overhang','Uncomfortable top, but ok holds','2023-11-29','2024-01-09'),(273,30,4,'Yellow','Overhang','Exhausting beginning plus technical chimney top','2023-11-29','2024-01-09'),(274,31,3,'Purple','Slab','Really cool foot swap slab','2023-11-29','2024-01-09'),(275,31,4,'Orange','Slab','Really tough far first move','2023-11-29','2024-01-13'),(276,30,4,'Green','Slab','Really tough compression dyno first move','2023-11-29','2024-01-09'),(277,30,4,'Black','Overhang','Physical middle into 2 good pinches, light top','2023-11-29','2024-01-09'),(278,33,4,'Blue','Overhang','Good holds','2023-11-29','2024-01-13'),(279,32,1,'Yellow','Slab','Warmup','2023-12-02','2024-01-13'),(280,33,1,'Black','Overhang','Chill moves','2023-12-02','2024-01-13'),(281,33,2,'Orange','Overhang','Scrunchy moves','2023-12-02','2024-01-13'),(282,33,2,'Black','Overhang','Good intro dyno','2023-12-02','2024-01-13'),(283,39,1,'Yellow','Slab','Lots of ok holds','2023-12-02','2023-12-15'),(284,39,3,'Orange','Slab','Lots of reachy moves with slopers','2023-12-02','2023-12-15'),(285,39,3,'Pink','Slab','Light 3, only hard part is small holds','2023-12-02','2023-12-15'),(286,28,2,'Pink','Slab','Small crimps for a 2','2023-12-02','2024-01-03'),(287,29,3,'Black','Overhang','Lots of fun drop knees','2023-12-02','2024-01-03'),(288,28,3,'Blue','Slab','Lots of far deadpoint moves w/ human','2023-12-02','2024-01-03'),(289,28,4,'Green','Slab','Just crimps, nothing too special','2023-12-02','2024-01-03'),(290,29,4,'Pink','Overhang','Really tough crimps due to dynamic moves','2023-12-02','2024-01-03'),(291,31,3,'Black','Slab','Really chill, only hard moves are the initial pinches','2023-12-02','2024-01-09'),(292,29,5,'Blue','Overhang','Far finger pockets','2023-12-02','2024-01-03'),(293,39,4,'Purple','Slab','Paddle dyno','2023-12-02','2023-12-15'),(294,32,3,'Blue','Slab','','2023-12-05','2024-01-13'),(295,39,4,'Blue','Overhang','Really bad holds','2023-12-05','2023-12-15'),(296,30,3,'Green','Overhang','Dyno, far reach last move :(','2023-12-05','2024-01-03'),(297,37,3,'Black','Slab','Stretchy holds','2023-12-05','2023-12-05'),(298,37,3,'Black','Slab','Stretchy holds','2023-12-05','2023-12-27'),(299,38,3,'Yellow','Overhang','Fun huge dyno in the middle','2023-12-05','2023-12-27'),(300,32,4,'Orange','Slab','Insane beta break skips 2 holds','2023-12-05','2024-01-13'),(301,52,1,'Yellow','Slab','Warmup','2023-12-08','2024-01-27'),(302,51,1,'Purple','Slab','Warmup','2023-12-08','2024-01-27'),(303,53,1,'Purple','Overhang','Warmup','2023-12-08','2024-01-27'),(304,52,2,'Blue','Slab','Short climb','2023-12-08','2024-01-27'),(305,54,3,'Yellow','Slab','Light 3','2023-12-08','2024-01-27'),(306,52,3,'Pink','Slab','Big moves','2023-12-08','2024-01-27'),(307,52,3,'Green','Overhang','Mix of slab and overhang','2023-12-08','2024-01-27'),(308,51,3,'Orange','Slab','Corner climb','2023-12-08','2024-01-27'),(309,54,3,'Orange','Slab','Not fun. Just rounded crimps','2023-12-08','2024-01-27'),(310,53,-1,'Yellow','Overhang','Really good holds, bad feet','2023-12-08','2024-01-27'),(311,53,4,'Blue','Overhang','Big dyno','2023-12-08','2024-01-27'),(312,55,3,'Pink','Slab','Really bad feet','2023-12-08','2024-01-27'),(313,55,4,'Pink','Slab','Long rail holds, sketchy top','2023-12-08','2024-01-27'),(314,55,3,'Pink','Slab','Easy 3 except for top section transfer','2023-12-08','2024-01-27'),(315,55,4,'Black','Slab','Hard to generate for the last move','2023-12-08','2024-01-27'),(316,56,4,'Yellow','Slab','Crimpy but good moves','2023-12-08','2023-12-31'),(317,57,4,'Orange','Slab','Eeally tough one arm push up mantle','2023-12-08','2023-12-31'),(318,47,4,'Orange','Slab','Dyno, but easy afterwards','2023-12-08','2023-12-31'),(319,50,5,'Yellow','Overhang','Really hard second move cut loose','2023-12-08','2024-01-27'),(320,51,4,'Pink','Slab','Really tough shoulder moves','2023-12-08','2024-01-27'),(321,51,4,'Green','Slab','Really confusing slab with few hands','2023-12-08','2024-01-27'),(322,50,3,'Orange','Overhang','Campus','2023-12-08','2024-01-27'),(323,41,1,'Black','Slab','Warmup','2023-12-10','2024-02-25'),(324,34,2,'Green','Slab','Tough 2 ','2023-12-10','2024-01-13'),(325,34,2,'Yellow','Slab','Fun flowy 2','2023-12-10','2024-01-13'),(326,40,3,'Yellow','Slab','Mantle corner climb','2023-12-10','2024-02-25'),(327,33,3,'Purple','Overhang','Dynos, plus dangerous last move','2023-12-10','2024-01-13'),(328,33,4,'Yellow','Overhang','Just crimps','2023-12-10','2024-01-13'),(329,38,-1,'Orange','Overhang','Big dyno','2023-12-10','2023-12-27'),(330,38,4,'Yellow','Overhang','Tough pinches','2023-12-10','2023-12-27'),(331,28,4,'Yellow','Slab','Catch compression dyno','2023-12-10','2024-01-03'),(332,37,3,'Orange','Overhang','Tough 3','2023-12-10','2023-12-27'),(333,32,4,'Pink','Slab','Awkward top','2023-12-10','2024-01-13'),(334,34,4,'Pink','Slab','Really small blocked crimps','2023-12-10','2024-01-13'),(335,40,3,'Yellow','Slab','Big deadpoint in the middle','2023-12-10','2024-02-25'),(336,40,1,'Purple','Slab','Warmup','2023-12-15','2024-02-25'),(337,40,2,'Orange','Slab','Tough 2','2023-12-15','2024-02-25'),(338,41,2,'Pink','Slab','Small holds but very flowy','2023-12-15','2024-02-25'),(339,40,3,'Orange','Overhang','Bathang start','2023-12-15','2024-02-25'),(340,31,2,'Green','Slab','Greasy holds','2023-12-15','2024-01-09'),(341,30,3,'Orange','Overhang','Disappearing feet','2023-12-15','2023-12-15'),(342,30,3,'Orange','Slab','Disappearing feet','2023-12-15','2024-01-09'),(343,31,3,'Purple','Slab','Cool slab moves, but sketchy when greasy','2023-12-15','2024-01-09'),(344,31,4,'Yellow','Slab','Idk how to start','2023-12-15','2024-01-13'),(345,39,4,'Black','Slab','Hard layback with sketchy feet','2023-12-15','2024-01-23'),(346,39,6,'Blue','Overhang','Really bad slopers plus huge lockoff deadpoint','2023-12-15','2024-01-23'),(347,29,5,'Purple','Overhang','Keep barn dooring in the middle','2023-12-15','2024-01-03'),(348,39,4,'Purple','Overhang','Small crimps and pinches','2023-12-15','2024-01-23'),(349,39,3,'Pink','Slab','Body positiony moves, ok small holds','2023-12-18','2024-01-23'),(350,39,2,'Black','Overhang','Shouldery transition into a bunch of laybacks','2023-12-18','2024-01-23'),(351,38,1,'Black','Overhang','Warmup','2023-12-18','2023-12-27'),(352,37,1,'Green','Slab','Warmup','2023-12-18','2023-12-27'),(353,40,5,'Pink','Slab','Campus 3 mover','2023-12-18','2024-02-25'),(354,13,1,'Purple','Slab','Warmup','2023-12-20','2024-03-02'),(355,13,2,'Green','Slab','Long route with pinches','2023-12-20','2024-03-02'),(356,13,2,'Blue','Slab','Light 2','2023-12-20','2024-03-02'),(357,13,2,'Black','Slab','Physical boulder with hard pinches','2023-12-20','2024-03-02'),(358,15,2,'Red','Slab','Really flowy with handle holds','2023-12-20','2024-03-02'),(359,15,3,'Black','Slab','Fairly trivial 3, nothing special just smaller edges','2023-12-20','2024-03-02'),(360,20,2,'Black','Slab','Fun corner climb','2023-12-20','2024-01-04'),(361,20,2,'Black','Slab','Crunchy moves with small ledges','2023-12-20','2024-01-04'),(362,20,3,'Green','Slab','Really light 3, balancy but easy moves','2023-12-20','2024-01-04'),(363,20,3,'Yellow','Slab','Really awkward start with compression toe hook, but jug finish','2023-12-20','2024-01-04'),(364,20,4,'Green','Slab','Crimpy with slopers and tiny feet make things tricky','2023-12-20','2024-01-04'),(365,20,4,'Blue','Overhang','Hard gaston in the middle','2023-12-20','2024-01-04'),(366,20,5,'Red','Slab','Touch slope and pinch into small crimps','2023-12-20','2024-01-04'),(367,20,4,'Black','Slab','Light 4, only small ledges','2023-12-20','2024-01-04'),(368,19,4,'Black','Overhang','Tough crimps that is really beta specific','2023-12-20','2024-01-04'),(369,39,3,'Yellow','Slab','Challenging body position based boulder','2023-12-27','2024-01-23'),(370,36,4,'Green','Overhang','Wingspan dependent beta','2023-12-27','2024-01-25'),(371,36,4,'Black','Overhang','Heels with slippery feet','2023-12-27','2024-01-25'),(372,38,4,'Purple','Overhang','Small crimp monkey bar transition','2023-12-27','2024-01-23'),(373,26,2,'Green','Slab','Step up deadpoint','2023-12-28','2024-01-03'),(374,54,1,'Green','Slab','Warmup','2023-12-31','2024-01-27'),(375,52,2,'Orange','Slab','Slopers with interesting stretched body positions','2023-12-31','2024-01-27'),(376,54,3,'Purple','Slab','Lightest 3 ever','2023-12-31','2024-01-27'),(377,50,2,'Pink','Overhang','Juggy holds','2023-12-31','2024-01-27'),(378,50,3,'Green','Overhang','Awkward hand sequences','2023-12-31','2024-01-27'),(379,49,4,'Purple','Slab','All feet are side ways','2023-12-31','2024-01-27'),(380,49,2,'Orange','Slab','Traverse into tight feet','2023-12-31','2024-01-27'),(381,49,4,'Black','Slab','Two dynos and balancy top','2023-12-31','2024-01-27'),(382,48,3,'Pink','Slab','Really tough 3 start dyno','2023-12-31','2024-01-27'),(383,48,4,'Green','Overhang','Hard dyno start','2023-12-31','2024-01-27'),(384,46,3,'Green','Slab','Last move is pretty reachy','2023-12-31','2024-01-27'),(385,46,5,'Blue','Slab','Hard to balance in the traverse','2023-12-31','2024-01-27'),(386,47,5,'Black','Overhang','Tough crimps','2023-12-31','2024-01-27'),(387,48,5,'Blue','Overhang','Big moves with crimpy slopey holds','2023-12-31','2024-01-27'),(388,50,4,'Yellow','Overhang','Lots of heel hooks','2023-12-31','2024-01-27'),(389,26,1,'Blue','Slab','Fun traverse with big volumes','2024-01-03','2024-02-02'),(390,28,1,'Green','Slab','Fun for practicing footwork','2024-01-03','2024-02-02'),(391,29,3,'Yellow','Overhang','Small holds make it a bit painful','2024-01-03','2024-02-02'),(392,26,3,'Pink','Slab','Feet sequence was pretty poor','2024-01-03','2024-02-02'),(393,28,3,'Black','Slab','Static toe hook finish','2024-01-03','2024-02-02'),(394,28,4,'Yellow','Slab','Bad holds throughout','2024-01-03','2024-02-02'),(395,38,2,'Orange','Overhang','Good overhang with footworky moves','2024-01-03','2024-01-23'),(396,38,3,'Black','Overhang','Dyno into discs','2024-01-03','2024-01-23'),(397,38,4,'Pink','Overhang','Heel hooks for days','2024-01-03','2024-01-23'),(398,38,4,'Blue','Overhang','Too big of a reach','2024-01-03','2024-01-23'),(399,37,4,'Green','Slab','Sloper mantle','2024-01-03','2024-01-23'),(400,28,4,'Orange','Slab','Straightforward lots of holds','2024-01-03','2024-02-02'),(401,29,4,'Green','Overhang','Pinches gallore','2024-01-03','2024-02-02'),(402,20,1,'Yellow','Slab','Warmup','2024-01-04','2024-03-02'),(403,20,1,'Green','Slab','2 mover','2024-01-04','2024-03-02'),(404,20,2,'Black','Slab','Light staircase','2024-01-04','2024-03-02'),(405,20,-1,'Green','Slab','Corner climb with flexibility move','2024-01-04','2024-03-02'),(406,20,3,'Red','Slab','Tough crimps','2024-01-04','2024-03-02'),(407,19,3,'Red','Slab','Mantle with big slopers and pinches','2024-01-04','2024-03-02'),(408,19,4,'Yellow','Slab','Fun compression start into bad slopers','2024-01-04','2024-03-02'),(409,20,4,'Red','Slab','Sloper with standup deadpoint','2024-01-04','2024-03-02'),(410,16,3,'Black','Overhang','Reachy with ok ledges','2024-01-04','2024-03-02'),(411,16,4,'Yellow','Slab','Really tough dyno start off bad crimps','2024-01-04','2024-03-02'),(412,18,4,'Pink','Slab','Tough shoulder move into bad reachy crimp','2024-01-04','2024-03-02'),(413,17,3,'Black','Slab','Really tough slab, not a 3','2024-01-04','2024-03-02'),(414,17,4,'Green','Slab','Finger pocket far reach','2024-01-04','2024-03-02'),(415,14,4,'Red','Overhang','Tough compressions','2024-01-04','2024-03-02'),(416,14,5,'Yellow','Overhang','Ok holds but a really long route','2024-01-04','0000-00-00'),(417,30,3,'Green','Slab','Hard dynamic start into smaller flat ledges','2024-01-09','2024-02-02'),(418,31,3,'Orange','Slab','Tough balancy middle','2024-01-09','2024-02-25'),(419,33,3,'Orange','Overhang','Chill 3 ','2024-01-09','2024-01-13'),(420,33,5,'Purple','Overhang','Tough crimp dyno','2024-01-09','2024-01-13'),(421,35,2,'Yellow','Slab','Dont need the last 5 holds','2024-01-09','2024-03-06'),(422,39,1,'Green','Overhang','Harder warmup 1','2024-01-13','2024-01-23'),(423,37,2,'Green','Slab','Big flat holds require good body positioning','2024-01-13','2024-01-23'),(424,36,2,'Pink','Overhang','Flowy with big holds','2024-01-13','2024-01-25'),(425,36,2,'Yellow','Overhang','Hard 2 with laybacks','2024-01-13','2024-01-25'),(426,30,3,'Purple','Overhang','Light 3 with good holds','2024-01-13','2024-02-02'),(427,29,4,'Pink','Overhang','Just crimps with big dyno move','2024-01-13','2024-02-02'),(428,31,3,'Blue','Slab','Very balancy','2024-01-13','2024-02-25'),(429,31,-1,'Pink','Slab','Reachy first move','2024-01-13','2024-02-25'),(430,33,4,'Yellow','Overhang','Big deadpoint into a blocked hold','2024-01-12','2024-02-25'),(431,33,4,'Yellow','Overhang','Small feet with tough pinches','2024-01-12','2024-02-25'),(432,34,1,'Purple','Slab','Fun to do with no hands','2024-01-13','2024-02-29'),(433,32,3,'Yellow','Slab','Small feet with slopey holds','2024-01-12','2024-02-25'),(434,32,4,'Blue','Slab','Really tough start off crimps','2024-01-12','2024-02-25'),(435,33,5,'Blue','Overhang','Hard campus style start into a paddle like move','2024-01-12','2024-02-25'),(436,33,3,'Green','Overhang','Big slopey holds with lots of foot technique','2024-01-15','2024-02-25'),(437,32,3,'Green','Slab','Small crimps + good holds','2024-01-15','2024-02-25'),(438,31,-1,'Yellow','Slab','Round holds with balancy moves','2024-01-16','2024-02-25'),(439,30,4,'Yellow','Overhang','Sloper start plus bad crimp top','2024-01-16','2024-02-02'),(440,30,2,'Green','Overhang','Small brain holds','2024-01-23','2024-02-02'),(441,30,2,'Orange','Overhang','Deep holds','2024-01-23','2024-02-02'),(442,31,3,'Pink','Slab','Smaller holds, but not crimps','2024-01-23','2024-02-25'),(443,29,4,'Blue','Slab','Balancy and very tight positions','2024-01-23','2024-02-02'),(444,39,2,'Green','Overhang','Slightly bad holds','2024-01-23','2024-02-25'),(445,39,3,'Yellow','Overhang','Dyno first move with good other holds','2024-01-23','2024-02-25'),(446,39,2,'Purple','Overhang','Ok holds but lots of feet','2024-01-23','2024-02-25'),(447,39,4,'Pink','Overhang','Crimps and a bit sketchy due to balance at the top','2024-01-23','2024-02-25'),(448,39,-1,'Orange','Overhang','Lots of heel hooks','2024-01-23','2024-02-25'),(449,39,-1,'Blue','Overhang','Tough second move, no feet or hands','2024-01-23','2024-02-25'),(450,37,4,'Black','Slab','Bad big slopers','2024-01-23','2024-02-29'),(451,38,5,'Blue','Overhang','Hard campus finger pockets','2024-01-22','2024-02-29'),(452,32,4,'Purple','Slab','Really bad crimps in a balancy top','2024-01-22','2024-02-25'),(453,39,1,'Orange','Slab','Good warmup','2024-01-25','2024-02-25'),(454,29,2,'Black','Overhang','Really good holds, but completely upside down','2024-01-25','2024-02-02'),(455,36,2,'Pink','Slab','Dyno, but easy otherwise','2024-01-24','2024-02-29'),(456,37,2,'Purple','Slab','Less than half holds necessary','2024-01-25','2024-02-29'),(457,36,4,'Black','Overhang','Super long route with bad ending holds','2024-01-24','2024-02-29'),(458,49,1,'Orange','Slab','Warmup','2024-01-27','2024-02-16'),(459,49,2,'Pink','Slab','Big pinches','2024-01-27','2024-02-16'),(460,51,2,'Pink','Slab','Traverse with small ledges','2024-01-27','2024-02-16'),(461,50,2,'Purple','Overhang','Long but with good hands','2024-01-27','2024-02-16'),(462,50,3,'Yellow','Overhang','Good holds, ok toe hook','2024-01-27','2024-02-16'),(463,50,3,'Green','Overhang','A lot more physical than expected. Lots of heel hooks','2024-01-27','2024-02-16'),(464,55,3,'Orange','Slab','Sketchy feet with reachy hands','2024-01-27','2024-03-10'),(465,54,3,'Yellow','Slab','Tough physical pinches','2024-01-27','2024-03-10'),(466,49,3,'Yellow','Slab','Super physical slab','2024-01-27','2024-02-16'),(467,48,3,'Yellow','Slab','Sketchy feet','2024-01-27','2024-02-16'),(468,47,4,'Orange','Slab','Crimps with sketchy top','2024-01-27','0000-00-00'),(469,47,4,'Black','Overhang','Swinging dyno into a jump move','2024-01-27','0000-00-00'),(470,47,4,'Black','Overhang','Toe hook with ok slopers, beta break is to campus the start ','2024-01-27','0000-00-00'),(471,57,3,'Yellow','Slab','Tiny crimps','2024-01-27','2024-02-22'),(472,57,3,'Blue','Slab','Really far reachy middle','2024-01-27','2024-02-22'),(473,52,4,'Blue','Slab','Bathang start into small crimps','2024-01-27','2024-02-16'),(474,52,4,'Green','Slab','Dyno into small crimp','2024-01-27','2024-02-16'),(475,52,4,'Purple','Slab','Light 4','2024-01-27','2024-02-16'),(476,53,3,'Yellow','Overhang','Good holds but huge moves','2024-01-27','2024-03-10'),(477,53,4,'Pink','Overhang','Slippery holds','2024-01-27','2024-03-10'),(478,53,2,'Blue','Overhang','Small crimps for a 2','2024-01-27','2024-03-10'),(479,36,1,'Orange','Overhang','Warmup','2024-02-01','2024-02-29'),(480,35,2,'Pink','Slab','Fun arete climb','2024-02-02','2024-03-06'),(481,36,2,'Yellow','Overhang','Stretchy start with easy finish','2024-02-01','2024-02-29'),(482,36,4,'Purple','Overhang','Light 4, just pull move top','2024-02-01','2024-02-29'),(483,37,4,'Black','Slab','Really bad shallow crimps','2024-02-02','2024-02-29'),(484,36,4,'Green','Overhang','Awful start crimps into tough sloper','2024-02-01','2024-02-29'),(485,26,4,'Yellow','Slab','Really tough top with no holds','2024-02-01','2024-03-06'),(486,29,3,'Yellow','Overhang','Fun with big spanning start and flowing moves','2024-02-02','0000-00-00'),(487,29,4,'Yellow','Overhang','Tough overhang start with all four limbs on the same holds','2024-02-02','0000-00-00'),(488,29,4,'Blue','Overhang','Big powerful moves with tough crux in the middle','2024-02-02','0000-00-00'),(489,28,2,'Black','Overhang','Big holds but big moves','2024-02-13','2024-03-06'),(490,28,3,'Orange','Overhang','Harder than it looks due to weird positioning','2024-02-13','2024-03-06'),(491,28,3,'Green','Slab','Big physical moves with no feet','2024-02-13','2024-03-06'),(492,29,4,'Green','Overhang','Tough crimps with bad feet','2024-02-13','0000-00-00'),(493,31,3,'Yellow','Slab','Confusing with no clear beta','2024-02-13','0000-00-00'),(494,33,3,'Pink','Overhang','Crimps with slopers','2024-02-12','0000-00-00'),(495,49,2,'Yellow','Slab','Good warmup with juggy holds','2024-02-16','0000-00-00'),(496,49,2,'Purple','Slab','Easy 2 with cool dyno like holds','2024-02-16','0000-00-00'),(497,49,3,'Pink','Slab','Light 3, small ledges ','2024-02-16','0000-00-00'),(498,48,2,'Yellow','Overhang','Dyno start, but easy top','2024-02-16','0000-00-00'),(499,49,3,'Black','Slab','Fun technical problem with good feet but balancy top','2024-02-16','0000-00-00'),(500,50,2,'Pink','Overhang','Long warmup with small feet','2024-02-16','0000-00-00'),(501,49,3,'Black','Slab','Sketchy slab with slightly worse crimps than expected','2024-02-16','0000-00-00'),(502,50,4,'Orange','Overhang','Very physical boulder with tough positions','2024-02-16','0000-00-00'),(503,51,3,'Pink','Slab','Technically climb with lots of small feet','2024-02-16','0000-00-00'),(504,50,4,'Yellow','Overhang','Really physical with cool cube volume feature','2024-02-16','0000-00-00'),(505,48,3,'Blue','Overhang','Speed run good holds','2024-02-16','0000-00-00'),(506,49,4,'Blue','Slab','Hard dyno into tough slab problem','2024-02-16','0000-00-00'),(507,46,-1,'Orange','Slab','Techy with really small feet ','2024-02-19','0000-00-00'),(508,47,5,'Blue','Overhang','Big catch moves into swinging campus middle','2024-02-19','0000-00-00'),(509,49,4,'Green','Slab','Crimps with a sketchy sloper top ','2024-02-19','0000-00-00'),(510,49,4,'Orange','Slab','Bad slopers with too much stuff in the way','2024-02-19','0000-00-00'),(511,50,4,'Purple','Overhang','Really juggy holds for a fast top','2024-02-19','0000-00-00'),(512,51,3,'Yellow','Slab','Really reachy slab','2024-02-19','0000-00-00'),(513,51,4,'Purple','Slab','Light mantle','2024-02-19','0000-00-00'),(514,52,4,'Purple','Slab','Lightest 4 ever, lots of heel hooks and good holds','2024-02-19','2024-03-10'),(515,52,4,'Orange','Slab','Crimps for days','2024-02-19','2024-03-10'),(516,53,4,'Black','Overhang','Ok holds, but slopey feet with lots of smearing','2024-02-19','2024-03-10'),(517,53,4,'Green','Overhang','Stretchy moves with awkward body positions','2024-02-19','2024-03-10'),(518,54,2,'Green','Slab','Chillish warmup, slightly bad hands','2024-02-19','2024-03-10'),(519,55,1,'Black','Slab','Warmup','2024-02-22','2024-03-10'),(520,56,-1,'Yellow','Slab','Transitioning body throughout','2024-02-22','0000-00-00'),(521,57,-1,'Yellow','Slab','Shoulder move middle with small feet','2024-02-22','0000-00-00'),(522,56,-1,'Black','Slab','Body tension with slopers','2024-02-22','0000-00-00'),(523,52,-1,'Purple','Slab','Fun dynamic moves','2024-02-22','2024-03-10'),(524,52,4,'Black','Slab','Hard slab with compression slopers and toe hook start','2024-02-22','2024-03-10'),(525,47,5,'Purple','Overhang','Really tough crimps into a sketchy slab top','2024-02-22','0000-00-00'),(526,48,4,'Orange','Slab','Tough foot mantle start into bad hand crimps','2024-02-22','0000-00-00'),(527,26,1,'Black','Slab','Warmup','2024-02-25','2024-03-06'),(528,28,1,'Yellow','Overhang','Warmup','2024-02-25','2024-03-06'),(529,28,2,'Green','Slab','Good hands and feet','2024-02-25','2024-03-06'),(530,29,1,'Pink','Overhang','Good juggy holds','2024-02-25','0000-00-00'),(531,31,3,'Blue','Slab','Brainsss','2024-02-25','0000-00-00'),(532,31,3,'Black','Slab','Height gap second move','2024-02-25','0000-00-00'),(533,30,4,'Blue','Overhang','Campus monkey bars with really far dyno end','2024-02-25','0000-00-00'),(534,40,2,'Pink','Slab','Corner climb all pushing motion','2024-02-25','0000-00-00'),(535,40,3,'Black','Slab','Horizontal dyno 2x','2024-02-25','0000-00-00'),(536,40,4,'Yellow','Overhang','Small ledges and crimps','2024-02-25','0000-00-00'),(537,39,4,'Pink','Slab','Lots of catch crimp moves','2024-02-24','0000-00-00'),(538,39,3,'Black','Slab','Slopey feet plus deadpoint last move','2024-02-24','0000-00-00'),(539,39,3,'Blue','Slab','Good holds other than shoulder slopers','2024-02-24','0000-00-00'),(540,39,4,'Purple','Slab','Big reachy moves with meh holds','2024-02-24','0000-00-00'),(541,38,4,'Yellow','Overhang','Big moves but good holds','2024-02-24','0000-00-00'),(542,41,1,'Blue','Slab','Warmup','2024-02-29','0000-00-00'),(543,41,1,'Yellow','Slab','Standup finish warmup','2024-02-29','0000-00-00'),(544,41,1,'Green','Slab','Technique warmup','2024-02-29','0000-00-00'),(545,41,1,'Blue','Slab','Really hard 1 with lots of sketchy moves','2024-02-29','0000-00-00'),(546,41,3,'Orange','Slab','Easy 3','2024-02-29','0000-00-00'),(547,41,3,'Pink','Slab','Deadpoint, easy 3','2024-02-29','0000-00-00'),(548,34,3,'Blue','Slab','Lots of volumes but easy moves','2024-02-29','0000-00-00'),(549,33,4,'Pink','Overhang','Really bad slopers','2024-02-29','0000-00-00'),(550,33,4,'Orange','Overhang','Slopers with lots of dynamic moves','2024-02-29','0000-00-00'),(551,30,3,'Black','Overhang','Fun edges with lots of cool heel and toe hooks','2024-02-29','0000-00-00'),(552,30,4,'Yellow','Overhang','Hard far first move','2024-02-29','0000-00-00'),(553,38,3,'Blue','Overhang','Long overhang with good holds','2024-02-29','0000-00-00'),(554,37,4,'Black','Slab','Tough crimps and body positions','2024-02-29','0000-00-00'),(555,38,3,'Purple','Overhang','Fun with big elephant holds','2024-02-29','0000-00-00'),(556,36,4,'Blue','Overhang','Really tough start then lots of crimps','2024-02-28','0000-00-00'),(557,20,1,'Black','Slab','Warmup','2024-03-01','0000-00-00'),(558,20,2,'Red','Slab','Good warmup with ok holds','2024-03-01','0000-00-00'),(559,20,3,'Green','Slab','Outwards start into dyno','2024-03-01','0000-00-00'),(560,20,-1,'Blue','Slab','Shallow holds','2024-03-02','2024-03-02'),(561,20,3,'Blue','Overhang','Shallow holds','2024-03-01','0000-00-00'),(562,20,4,'Purple','Slab','Tough slopers','2024-03-01','0000-00-00'),(563,19,2,'Pink','Overhang','Painful heel hooks','2024-03-02','0000-00-00'),(564,19,4,'Black','Overhang','Tough crimps and dynamic last move','2024-03-01','0000-00-00'),(565,19,4,'Yellow','Overhang','Jugs into slopers with tough slopers','2024-03-01','0000-00-00'),(566,19,5,'Red','Overhang','Toe hook start into many bad round slopers','2024-03-01','0000-00-00'),(567,14,4,'Black','Overhang','Really tough edges with far moves','2024-03-02','0000-00-00'),(568,13,4,'Yellow','Slab','Small finger pockets','2024-03-02','0000-00-00'),(569,13,4,'Pink','Slab','Paddle dyno start','2024-03-02','0000-00-00'),(570,15,4,'Green','Slab','Good pinches but far moves','2024-03-01','0000-00-00'),(571,18,4,'Black','Slab','Tough start into awful triangle','2024-03-02','0000-00-00'),(572,18,4,'Pink','Overhang','Ok holds with big moves','2024-03-02','0000-00-00'),(573,16,3,'Green','Overhang','Good holds','2024-03-02','0000-00-00'),(574,31,1,'Yellow','Slab','Warmup pockets','2024-03-06','0000-00-00'),(575,31,2,'Green','Slab','Good warmup','2024-03-06','0000-00-00'),(576,39,2,'Purple','Slab','Nice body positions','2024-03-06','0000-00-00'),(577,39,4,'Black','Slab','Light 4 with good crimps','2024-03-06','0000-00-00'),(578,39,3,'Green','Overhang','Pointy holds','2024-03-06','0000-00-00'),(579,26,2,'Blue','Slab','Intro dyno','2024-03-06','0000-00-00'),(580,35,3,'Green','Slab','Annoying takeoff for dyno','2024-03-06','0000-00-00'),(581,26,4,'Green','Slab','Bad catch hold','2024-03-06','0000-00-00'),(582,36,-1,'Blue','Overhang','Big jugs big moves','2024-03-06','0000-00-00'),(583,36,-1,'Black','Overhang','Fun style with many different holds','2024-03-06','0000-00-00'),(584,36,-1,'Yellow','Overhang','Really hard heel hooks','2024-03-06','0000-00-00'),(585,32,3,'Black','Slab','Hard physical pinches','2024-03-06','0000-00-00'),(586,56,2,'Yellow','Overhang','Good heel hooks','2024-03-10','0000-00-00'),(587,55,2,'Blue','Slab','Chill slab','2024-03-10','0000-00-00'),(588,55,3,'Yellow','Slab','Sketchy slab with no hands top','2024-03-10','0000-00-00'),(589,53,-1,'Green','Overhang','Harder than it looks','2024-03-10','0000-00-00'),(590,54,-1,'Pink','Slab','Chill warmup','2024-03-10','0000-00-00'),(591,52,2,'Yellow','Slab','Straight dyno up','2024-03-10','0000-00-00'),(592,54,4,'Black','Slab','Greasy slopers','2024-03-10','0000-00-00'),(593,54,3,'Blue','Slab','Horizontal dyno','2024-03-10','0000-00-00'),(594,52,2,'Pink','Slab','Techy with heels and body position','2024-03-10','0000-00-00'),(595,52,-1,'Black','Slab','Fun dyno start into inversion toe hook','2024-03-10','0000-00-00'),(596,34,2,'Orange','Slab','Bad feet ','2024-03-13','0000-00-00'),(597,34,2,'Purple','Slab','Too many holds','2024-03-13','0000-00-00'),(598,32,3,'Yellow','Slab','Light 3','2024-03-13','0000-00-00'),(599,31,3,'Black','Slab','Small hands and feet','2024-03-13','0000-00-00'),(600,26,4,'Pink','Slab','Arete slab','2024-03-13','0000-00-00'),(601,38,4,'Purple','Overhang','Tough pinches into hard gaston','2024-03-13','0000-00-00'),(602,38,3,'Blue','Overhang','Good holds but tough incline','2024-03-13','0000-00-00');
/*!40000 ALTER TABLE `boulders` ENABLE KEYS */;
UNLOCK TABLES;

--
-- Table structure for table `boulders_old`
--

DROP TABLE IF EXISTS `boulders_old`;
/*!40101 SET @saved_cs_client     = @@character_set_client */;
/*!50503 SET character_set_client = utf8mb4 */;
CREATE TABLE `boulders_old` (
  `id` int NOT NULL AUTO_INCREMENT,
  `description` varchar(255) DEFAULT NULL,
  `rating` int NOT NULL,
  `colour` varchar(10) NOT NULL,
  `holdType` varchar(45) NOT NULL,
  `boulderType` varchar(45) NOT NULL,
  `sendAttempts` int NOT NULL,
  `startDate` datetime DEFAULT NULL,
  `sendDate` datetime DEFAULT NULL,
  PRIMARY KEY (`id`),
  UNIQUE KEY `id_UNIQUE` (`id`)
) ENGINE=InnoDB AUTO_INCREMENT=712 DEFAULT CHARSET=utf8mb4 COLLATE=utf8mb4_0900_ai_ci;
/*!40101 SET character_set_client = @saved_cs_client */;

--
-- Dumping data for table `boulders_old`
--

LOCK TABLES `boulders_old` WRITE;
/*!40000 ALTER TABLE `boulders_old` DISABLE KEYS */;
INSERT INTO `boulders_old` VALUES (140,'Warmup',1,'blue','jug volume','slab',1,'2023-02-20 00:00:00','2023-02-20 00:00:00'),(144,'Greasy holds + lots of upper body',3,'black','edge volume','overhang',1,'2023-02-20 00:00:00',NULL),(146,'The intended beta is to go to the right, I went left',3,'black','crimp edge side pull sloper volume','slab',1,'2023-02-20 00:00:00','2023-02-20 00:00:00'),(147,'Easier to campus than to keep feet engaged',2,'purple','mini-jug','overhang',1,'2023-02-20 00:00:00','2023-02-20 00:00:00'),(164,'Cool drop knee at the finish',2,'green','jug volume','aretes',1,'2023-02-20 00:00:00','2023-02-20 00:00:00'),(165,'Hard to keep tension when standing on the volume',4,'green','pinch side-pull undercling volume','slab',8,'2023-01-26 00:00:00','2023-02-20 00:00:00'),(171,'3 very powerful catch moves',4,'green','pinch side-pull','overhang',2,'2023-02-20 00:00:00','2023-02-20 00:00:00'),(172,'Very easy 4',4,'green','crimp pinch volume','slab',1,'2023-02-20 00:00:00','2023-02-20 00:00:00'),(176,'Really awkward start and finish',3,'purple','crimp pinch sloper volume','slab',3,'2023-02-20 00:00:00','2023-02-20 00:00:00'),(177,'All small ledges with small feet holds',3,'red','crimp edge','slab',2,'2023-02-20 00:00:00','2023-02-20 00:00:00'),(178,'Very compressed body positions + grabbing volumes',3,'black','volume','overhang',2,'2023-02-20 00:00:00','2023-02-20 00:00:00'),(179,'Awkward compression position at the start',2,'pink','mini-jug sloper','overhang',2,'2023-02-20 00:00:00','2023-02-20 00:00:00'),(180,'warmup',2,'pink','horn mini-jug sloper volume','slab',1,'2023-02-20 00:00:00','2023-02-20 00:00:00'),(181,'Last move is too sketchy',4,'yellow','crimp edge volume','slab',1,'2023-02-20 00:00:00',NULL),(182,'Very small feet holds',3,'blue','crimp sloper volume','slab',2,'2023-02-20 00:00:00','2023-02-20 00:00:00'),(183,'Very close, just have to make the last move',4,'black','jug pinch side-pull undercling','overhang',9,'2023-02-16 00:00:00','2023-03-02 00:00:00'),(184,'Fun climb, have to go slow to maintain balance',4,'pink','sloper volume','slab',5,'2023-02-16 00:00:00','2023-02-16 00:00:00'),(185,'Straightforward climb',3,'orange','jug pinch side-pull','slab',1,'2023-02-16 00:00:00','2023-02-16 00:00:00'),(186,'Got to the last move with one hand, but couldn\'t match',4,'blue','sloper volume','overhang',10,'2023-01-19 00:00:00',NULL),(187,'Just a bunch of small edges/crimps',4,'yellow','crimp','slab',7,'2023-01-19 00:00:00','2023-01-29 00:00:00'),(188,'Really small hand and feet holds',3,'orange','crimp','slab',2,'2023-02-12 00:00:00','2023-02-12 00:00:00'),(189,'Fun, flowy climb',3,'pink','mini-jug sloper volume','slab',1,'2023-02-12 00:00:00','2023-02-12 00:00:00'),(190,'Lots of catch moves, very powerful',3,'orange','crimp mini-jug sloper','slab',2,'2023-02-12 00:00:00','2023-02-12 00:00:00'),(191,'Interesting start with no feet holds',3,'pink','edge mini-jug volume','overhang',1,'2023-02-16 00:00:00','2023-02-16 00:00:00'),(192,'Dyno + mantle',3,'blue','edge jug','slab',2,'2023-02-12 00:00:00','2023-02-12 00:00:00'),(193,'Tricky catch move at the beginning',4,'orange','jug mini-jug undercling volume','overhang',4,'2023-01-15 00:00:00','2023-01-19 00:00:00'),(194,'Very small finger pockets + bad feet',3,'yellow','crimp pocket','overhang',2,'2023-01-15 00:00:00','2023-01-15 00:00:00'),(195,'Start is was a bit tricky when trying to layback',3,'blue','edge jug volume','overhang',4,'2023-01-15 00:00:00','2023-01-15 00:00:00'),(196,'Requires a compression start which is difficult for shorter wingspans',3,'black','edge side-pull volume','overhang',6,'2023-01-15 00:00:00','2023-01-19 00:00:00'),(197,'Easy once you know the beta',4,'pink','mini-jug pinch','slab',6,'2023-01-19 00:00:00','2023-01-26 00:00:00'),(198,'Requires a bathang-like maneuver around a big ball to start',4,'blue','jug pinch volume','overhang',7,'2023-01-15 00:00:00','2023-01-26 00:00:00'),(199,'Very sketchy feet holds into a semi-dynamic move to cross',4,'orange','crimp sloper volume','slab',8,'2023-01-15 00:00:00','2023-01-26 00:00:00'),(200,'Fairly easy 4',4,'purple','jug mini-jug undercling volume','overhang',2,'2023-02-12 00:00:00','2023-02-12 00:00:00'),(201,'Easy to campus than to try and keep feet on',1,'yellow','crimp edge','overhang',1,'2023-02-12 00:00:00','2023-02-12 00:00:00'),(202,'Easy 3',3,'orange','jug','overhang',1,'2023-02-12 00:00:00','2023-02-12 00:00:00'),(203,'Campus style start into a far reach to a pinch',4,'black','edge jug pinch volume','overhang',5,'2023-02-12 00:00:00',NULL),(204,'Cool compression start into a backwards dyno',3,'blue','jug mini-jug volume','overhang',1,'2023-02-12 00:00:00','2023-02-12 00:00:00'),(205,'Funky start that requires you to face away from the wall and use compression',2,'orange','jug sloper','overhang',1,'2023-02-23 00:00:00','2023-02-23 00:00:00'),(206,'Cool toe hook start + press up finish',3,'yellow','edge horn','slab',3,'2023-02-23 00:00:00','2023-02-23 00:00:00'),(207,'Very awkward positions the entire time',3,'blue','edge mini-jug sloper volume','slab',8,'2023-01-19 00:00:00','2023-01-29 00:00:00'),(208,'Straight muscleup',4,'black','edge volume','slab',3,'2023-01-19 00:00:00','2023-01-29 00:00:00'),(209,'Fun dyno',3,'black','jug','slab',1,'2023-01-26 00:00:00','2023-01-26 00:00:00'),(210,'Awkward dyno due to takeoff and landing + hard finish move',4,'blue','jug','slab',10,'2023-01-26 00:00:00','2023-01-12 00:00:00'),(211,'Far reach to finish\n',2,'green','jug mini-jug','overhang',1,'2023-02-12 00:00:00','2023-02-23 00:00:00'),(212,'Interesting big holds',3,'green','pinch sloper','slab',2,'2023-02-12 00:00:00','2023-02-12 00:00:00'),(213,'A few catches to large bowls',3,'black','edge mini-jug','overhang',1,'2023-02-23 00:00:00','2023-02-23 00:00:00'),(214,'Don\'t know how to do the first move',4,'blue','crimp edge','slab',10,'2023-02-23 00:00:00','2023-03-02 00:00:00'),(215,'Hard transition to the big bowl sloper',4,'black','jug mini-jug sloper','slab',3,'2023-02-23 00:00:00',NULL),(216,'warmup',2,'green','jug volume','slab',1,'2023-02-23 00:00:00','2023-02-23 00:00:00'),(217,'Don\'t know how to do the first move',5,'orange','mini-jug volume','aretes',3,'2023-02-23 00:00:00',NULL),(218,'warmup',1,'orange','jug','slab',1,'2023-02-25 00:00:00','2023-02-25 00:00:00'),(219,'warmup',1,'pink','edge jug','overhang',1,'2023-02-25 00:00:00','2023-02-25 00:00:00'),(220,'easy 2',2,'green','jug','slab',1,'2023-02-04 00:00:00','2023-02-04 00:00:00'),(221,'Awkward finish position that is hard to keep balance on',3,'black','jug mini-jug sloper volume','slab',4,'2023-02-04 00:00:00','2023-02-04 00:00:00'),(222,'start position is like Spiderman where you have to inch upwards a bit to the finish',3,'black','sloper volume','aretes',1,'2023-02-04 00:00:00','2023-02-04 00:00:00'),(223,'Very small feet holds + greasy hand holds makes it difficult. van',4,'blue','crimp edge sloper volume','slab',10,'2023-02-04 00:00:00',NULL),(224,'Campus burnout',1,'yellow','edge jug','overhang',1,'2023-02-25 00:00:00','2023-02-25 00:00:00'),(225,'Holds are ok slopers',3,'pink','mini-jug sloper','slab',1,'2023-02-04 00:00:00','2023-02-04 00:00:00'),(226,'Hard to maintain balance in the finish position due to it being a sloper',4,'purple','side-pull sloper volume','overhang',6,'2023-02-04 00:00:00','2023-02-25 00:00:00'),(227,'First move is a campus to a crimp. van',5,'green','crimp jug','slab',4,'2023-02-04 00:00:00',NULL),(228,'Initial dyno is harder to land than it looks',3,'blue','jug pinch pocket','overhang',4,'2023-02-25 00:00:00','2023-02-25 00:00:00'),(229,'Holds are a lot worse than they look',3,'green','pinch sloper volume','slab',2,'2023-02-25 00:00:00',NULL),(230,'Very technical climb that requires a lot of precision to stay balanced. Finish is a tough two finger match while doing the splits.',4,'yellow','crimp pinch sloper volume','slab',8,'2023-02-25 00:00:00','2023-02-25 00:00:00'),(231,'Just a bunch of pinches',3,'blue','pinch volume','overhang',1,'2023-02-25 00:00:00','2023-02-25 00:00:00'),(232,'Straighforward 3',3,'yellow','edge horn pinch','slab',1,'2023-02-04 00:00:00','2023-02-04 00:00:00'),(233,'warmup + can be done with no hands',1,'orange','edge','aretes',1,'2023-02-04 00:00:00','2023-02-04 00:00:00'),(234,'Hard crimpy start',4,'purple','crimp pocket','slab',2,'2023-02-04 00:00:00','2023-02-04 00:00:00'),(235,'Last move is a bit hard to stick onto the sloper',4,'black','sloper undercling volume','slab',5,'2023-02-04 00:00:00','2023-02-04 00:00:00'),(236,'Heel hooks during the transition area where you are completely horizontal makes it a bit easier',4,'purple','jug mini-jug','overhang',8,'2023-02-04 00:00:00','2023-02-04 00:00:00'),(237,'Straightforward 2',2,'orange','edge undercling','overhang',1,'2023-02-25 00:00:00','2023-02-25 00:00:00'),(238,'Warmup',2,'purple','edge sloper','slab',1,'2023-02-25 00:00:00','2023-02-25 00:00:00'),(265,'warmup',1,'purple','jug side-pull volume','slab',1,'2023-03-02 00:00:00','2023-03-02 00:00:00'),(266,'start is a bit tricky, but not too bad otherwise',3,'purple','sloper volume','slab',1,'2023-03-02 00:00:00','2023-03-02 00:00:00'),(267,'should have used better technique rather than campusing sections',3,'purple','jug mini-jug sloper volume','overhang',1,'2023-03-02 00:00:00','2023-03-02 00:00:00'),(268,'awkward finish position',2,'blue','jug volume','overhang',1,'2023-02-16 00:00:00','2023-02-16 00:00:00'),(269,'Smearing the feet + moving quickly made the last catch from crimps easier',4,'blue','crimp jug mini-jug pocket','overhang',10,'2023-03-02 00:00:00','2023-03-23 00:00:00'),(270,'Permanently in a layback position',3,'yellow','jug side-pull','overhang',1,'2023-03-02 00:00:00','2023-03-02 00:00:00'),(271,'First move is difficult due to not being able to reach the next volume with the chip on it',4,'yellow','pinch side-pull volume','slab',3,'2023-03-02 00:00:00',NULL),(272,'Skin killer',4,'black','pinch sloper','overhang',2,'2023-03-02 00:00:00',NULL),(273,'hard to keep tension during the second move to the crimp',4,'orange','crimp sloper','slab',4,'2023-02-16 00:00:00',NULL),(274,'Lots of heel hooks + skin killer slopers',4,'orange','crimp sloper volume','overhang',1,'2023-02-16 00:00:00',NULL),(276,'warmup',1,'blue','jug','slab',1,'2023-03-04 00:00:00','2023-03-04 00:00:00'),(277,'warmup',1,'yellow','jug','slab',1,'2023-03-04 00:00:00','2023-03-04 00:00:00'),(278,'interesting gumdrop holds',2,'black','mini-jug','slab',1,'2023-03-04 00:00:00','2023-03-04 00:00:00'),(279,'Crux move revolves around grabbing both sides of the big sloper',3,'purple','mini-jug sloper','slab',1,'2023-03-04 00:00:00','2023-03-04 00:00:00'),(280,'the start is very tricky as it requires a high foot + a mantle into a pistol squat. The rest is easy.',3,'blue','edge jug sloper volume','slab',3,'2023-03-04 00:00:00','2023-03-04 00:00:00'),(281,'Just need to come back fresh to land the dyno to the last hold',4,'yellow','pinch sloper','slab',8,'2023-03-04 00:00:00','2023-03-09 00:00:00'),(282,'Able to do the finish, but the start dyno is still a WIP.',3,'blue','jug pinch side-pull sloper volume','slab',8,'2023-03-04 00:00:00',NULL),(283,'Cooldown',1,'green','jug sloper','slab',1,'2023-03-04 00:00:00','2023-03-04 00:00:00'),(284,'Lots of balance and precise body positioning required',3,'orange','side-pull sloper','slab',1,'2023-03-04 00:00:00','2023-03-04 00:00:00'),(285,'Knee bar opportunity',3,'purple','edge jug undercling volume','overhang',1,'2023-03-04 00:00:00','2023-03-04 00:00:00'),(286,'Dyno to the pocket is very hard to stick + subsequent moves are hard',4,'green','crimp jug pocket side-pull volume','overhang',5,'2023-03-04 00:00:00',NULL),(287,'Step up dyno into a compression, next move is a dyno with bad feet holds',4,'pink','jug pinch','slab',4,'2023-03-04 00:00:00',NULL),(288,'Can\'t figure out how to move out of the start',4,'yellow','crimp sloper volume','slab',2,'2023-03-04 00:00:00',NULL),(289,'Toe hook makes the beginning possible, but the ending is still a mystery',4,'yellow','crimp jug','overhang',5,'2023-03-04 00:00:00',NULL),(290,'Too tired to do at this point',3,'orange','crimp pocket side-pull volume','slab',1,'2023-03-04 00:00:00',NULL),(291,'Jump start into a compression. Just need to come back another day when I\'m fresh',4,'blue','sloper volume','slab',8,'2023-03-04 00:00:00','2023-03-09 00:00:00'),(292,'Easy 4',4,'orange','crimp edge volume','slab',1,'2023-03-04 00:00:00','2023-03-04 00:00:00'),(293,'A 3-mover, where the last move looks like an impossible dyno',4,'orange','crimp volume','overhang',4,'2023-03-04 00:00:00',NULL),(321,'warmup',1,'yellow','jug','overhang',1,'2023-03-09 00:00:00','2023-03-09 00:00:00'),(322,'warmup',2,'black','pinch side-pull sloper','slab',1,'2023-03-09 00:00:00','2023-03-09 00:00:00'),(323,'warmup',2,'black','jug side-pull','slab',1,'2023-03-09 00:00:00','2023-03-09 00:00:00'),(324,'Really bad feet holds make it hard to keep tension + pull and reach is a bit too far for me',4,'pink','crimp edge volume','slab',6,'2023-03-09 00:00:00',NULL),(325,'Don\'t know how to progress after the first move, as everything looks too far away',4,'black','jug sloper','overhang',3,'2023-03-09 00:00:00',NULL),(326,'break climb',2,'pink','mini-jug','slab',1,'2023-03-09 00:00:00','2023-03-09 00:00:00'),(327,'Hard 3, a lot of the moves look very difficult due to compressions/far reaches',3,'green','edge sloper','slab',2,'2023-03-09 00:00:00',NULL),(328,'Easy 3',3,'green','mini-jug volume','slab',1,'2023-03-09 00:00:00','2023-03-09 00:00:00'),(329,'Intended beta is to do it statically, but a dyno made it easier. Most likely a 4.',4,'purple','crimp jug mini-jug pinch','slab',10,'2023-03-09 00:00:00','2023-03-09 00:00:00'),(330,'Campusing the middle section probably is not the intended beta',4,'black','crimp edge','overhang',2,'2023-03-09 00:00:00','2023-03-09 00:00:00'),(331,'break climb',1,'yellow','edge mini-jug pocket','slab',1,'2023-03-09 00:00:00','2023-03-09 00:00:00'),(337,'warmup',1,'yellow','horn jug volume','slab',1,'2023-03-12 00:00:00','2023-03-12 00:00:00'),(338,'Corner climb done facing out of the wall for fun',2,'purple','edge','slab',1,'2023-03-12 00:00:00','2023-03-12 00:00:00'),(339,'warmup',1,'green','jug','slab',1,'2023-03-12 00:00:00','2023-03-12 00:00:00'),(340,'Chill dyno start',3,'red','mini-jug volume','slab',1,'2023-03-12 00:00:00','2023-03-12 00:00:00'),(341,'Start dyno requires a lot of commitment to send it hard. Top moves all are 2-3 finger pockets',4,'blue','pocket volume','slab',9,'2023-03-12 00:00:00','2023-03-12 00:00:00'),(342,'Unable to generate enough momentum to reach the next hold after the dyno',4,'yellow','pinch side-pull undercling volume','slab',10,'2023-03-12 00:00:00',NULL),(343,'A few very powerful catches',3,'blue','jug mini-jug','overhang',6,'2023-03-12 00:00:00','2023-03-19 00:00:00'),(344,'Interesting climb with 2 big crack like holds',3,'green','crimp side-pull sloper','slab',3,'2023-03-12 00:00:00',NULL),(345,'holds are really slippery and greasy',3,'yellow','mini-jug side-pull sloper volume','slab',1,'2023-03-12 00:00:00','2023-03-12 00:00:00'),(346,'Very technical climb that requires high body awareness. Lots of high feet that put the body in uncomfortable positions',4,'red','crimp sloper volume','overhang',8,'2023-03-12 00:00:00',NULL),(347,'Matching at the top is difficult as the hold is facing the wrong way',3,'yellow','edge sloper volume','overhang',2,'2023-03-12 00:00:00','2023-03-12 00:00:00'),(348,'Feet holds are non-existent',4,'green','jug mini-jug','overhang',2,'2023-03-12 00:00:00',NULL),(349,'Have to practice my toe hooks',4,'black','jug pinch','overhang',3,'2023-03-12 00:00:00',NULL),(350,'crux move is in the middle when you have to swap hands on a bad hold',4,'pink','mini-jug sloper volume','slab',2,'2023-03-12 00:00:00','2023-03-12 00:00:00'),(351,'Heel hook is the key to making it out of the crux position',3,'blue','edge volume','slab',2,'2023-03-12 00:00:00','2023-03-12 00:00:00'),(355,'Campused 3 times for burnout',2,'red','jug','overhang',1,'2023-03-12 00:00:00','2023-03-12 00:00:00'),(379,'A few catch moves on sharp edges make it difficult',3,'red','crimp edge mini-jug','overhang',1,'2023-03-19 00:00:00','2023-03-19 00:00:00'),(380,'Interesting climb due to the body tension required',3,'blue','side-pull volume','slab',1,'2023-03-19 00:00:00','2023-03-19 00:00:00'),(381,'All of the moves feel hard, but the holds look ok',4,'black','pinch side-pull','slab',5,'2023-03-19 00:00:00',NULL),(382,'can be done with and without volumes',2,'black','edge mini-jug volume','overhang',1,'2023-03-19 00:00:00','2023-03-19 00:00:00'),(383,'Simple dyno.',3,'red','jug sloper','overhang',1,'2023-03-19 00:00:00','2023-03-19 00:00:00'),(384,'Lots of powerful catch moves to small ledges',4,'green','crimp edge pinch','overhang',4,'2023-03-19 00:00:00','2023-03-19 00:00:00'),(385,'warmup',1,'green','jug side-pull','slab',1,'2023-03-23 00:00:00','2023-03-23 00:00:00'),(386,'warmup',1,'blue','jug','slab',1,'2023-03-23 00:00:00','2023-03-23 00:00:00'),(387,'Cool swing move in the middle',3,'green','jug volume','overhang',1,'2023-03-23 00:00:00','2023-03-23 00:00:00'),(388,'Lots of compression moves which make the slopers better',4,'purple','mini-jug side-pull sloper volume','slab',2,'2023-03-23 00:00:00','2023-03-23 00:00:00'),(389,'First move is a dyno to a hemisphere volume',3,'black','jug side-pull volume','slab',2,'2023-03-23 00:00:00','2023-03-23 00:00:00'),(390,'The entire problem revolves around getting on top of a weird tetrahedron volume thing',3,'orange','volume','slab',2,'2023-03-23 00:00:00','2023-03-23 00:00:00'),(391,'3 mover. Dyno to the right side of the hold, then reach left, heel hook and pull. cant reach the last hold',4,'blue','edge','slab',10,'2023-03-23 00:00:00',NULL),(392,'Negative sized hand and feet holds',4,'green','crimp edge pinch sloper volume','slab',4,'2023-03-23 00:00:00',NULL),(393,'Top is not very elegant, as you have to muscle your way up',3,'yellow','jug mini-jug side-pull volume','slab',2,'2023-03-23 00:00:00','2023-03-30 00:00:00'),(394,'Too tired to finish',3,'purple','jug undercling volume','slab',1,'2023-03-23 00:00:00',NULL),(395,'First move feels really hard',4,'pink','edge sloper','slab',1,'2023-03-23 00:00:00',NULL),(396,'Jump into heel hook, grab both crimps, get left foot up, jump up to the ball and then reach for the finish',4,'blue','crimp edge mini-jug volume','overhang',6,'2023-03-23 00:00:00','2023-03-23 00:00:00'),(400,'warmup',1,'purple','jug','slab',1,'2023-03-30 00:00:00','2023-03-30 00:00:00'),(401,'warmup',2,'blue','jug pocket side-pull','slab',1,'2023-03-30 00:00:00','2023-03-30 00:00:00'),(402,'Hard 1',1,'pink','mini-jug','overhang',1,'2023-03-30 00:00:00','2023-03-30 00:00:00'),(403,'First move is a dyno to an undercling, the rest is nothing special',3,'black','jug volume','overhang',2,'2023-03-30 00:00:00','2023-03-30 00:00:00'),(404,'Start is a campus one arm pullup. Key to the last move is to put the right foot into the pocket to push off',4,'blue','crimp jug mini-jug pocket','overhang',10,'2023-03-30 00:00:00','2023-04-11 00:00:00'),(405,'Although it was a flash, the problem is really long and my send was very ugly',4,'purple','jug mini-jug side-pull volume','overhang',1,'2023-03-30 00:00:00','2023-03-30 00:00:00'),(406,'Beginning is pretty standard, the top is a bit trickier as it is hard to maneuver around the cone volume',4,'green','crimp jug side-pull volume','overhang',7,'2023-03-30 00:00:00',NULL),(407,'The start is a bat-hang and the rest is pretty straight-forward',3,'yellow','edge mini-jug','overhang',3,'2023-03-30 00:00:00','2023-04-15 00:00:00'),(408,'The start is a weird balance start and the top holds are not as good as expected',3,'blue','edge mini-jug pocket','slab',2,'2023-03-30 00:00:00','2023-03-30 00:00:00'),(409,'All moves are very obvious and not hard given you have enough finger strength',3,'orange','crimp','slab',1,'2023-03-30 00:00:00','2023-03-30 00:00:00'),(410,'Cool climb with a toe hook start',4,'black','sloper volume','slab',2,'2023-03-30 00:00:00','2023-03-30 00:00:00'),(411,'Dyno is harder than expected',3,'blue','jug volume','slab',3,'2023-03-30 00:00:00','2023-03-30 00:00:00'),(413,'Initial dyno is a tough one, but the rest is fairly easy if you don\\\\\\\'t rush',3,'yellow','jug mini-jug volume','slab',5,'2023-03-30 00:00:00','2023-04-04 00:00:00'),(414,'warmup',1,'purple','jug','slab',1,'2023-04-04 00:00:00','2023-04-04 00:00:00'),(415,'warmup',2,'black','jug','overhang',1,'2023-04-04 00:00:00','2023-04-04 00:00:00'),(416,'tough first catch move',3,'pink','edge pinch','overhang',1,'2023-04-04 00:00:00','2023-04-04 00:00:00'),(417,'very physical boulder with two unique styles, edges then slopers',3,'orange','edge side-pull sloper','overhang',3,'2023-04-04 00:00:00','2023-04-04 00:00:00'),(418,'smearing the left foot and then placing the right foot feels the easiest',4,'pink','pocket sloper volume','slab',2,'2023-04-04 00:00:00',NULL),(419,'warmup',1,'orange','edge jug','slab',1,'2023-04-04 00:00:00','2023-04-04 00:00:00'),(420,'layback is required to make the third move?',-1,'green','edge pinch side-pull','slab',2,'2023-04-04 00:00:00','2023-04-04 00:00:00'),(421,'last hold is not very good, so matching is hard',3,'pink','crimp edge','aretes',2,'2023-04-04 00:00:00','2023-04-04 00:00:00'),(422,'can\'t stick the toe hook at the start',4,'yellow','edge horn','aretes',1,'2023-04-04 00:00:00',NULL),(423,'pinches are skin killers',4,'black','pinch volume','overhang',2,'2023-04-04 00:00:00',NULL),(424,'Linking moves is the hardest part, as grabbing the pinch is really tiring',4,'pink','edge pinch sloper volume','overhang',7,'2023-04-04 00:00:00','2023-04-15 00:00:00'),(511,'warmup',1,'black','jug volume','slab',1,'2023-04-06 00:00:00','2023-04-06 00:00:00'),(512,'warmup',2,'blue','jug undercling volume','overhang',1,'2023-04-06 00:00:00','2023-04-06 00:00:00'),(513,'sit start + dyno that could be static',3,'black','jug undercling volume','overhang',1,'2023-04-06 00:00:00','2023-04-06 00:00:00'),(514,'hard compression start + hard transition move into a far dyno',3,'green','mini-jug side-pull sloper','overhang',4,'2023-04-06 00:00:00',NULL),(515,'Very small crimps, but not very difficult once you have the strength/beta',4,'blue','crimp pocket','slab',7,'2023-04-06 00:00:00','2023-04-06 00:00:00'),(516,'Easier 4, nothing too complex just have to pull hard on small ledges',4,'pink','crimp edge','slab',2,'2023-04-06 00:00:00','2023-04-06 00:00:00'),(517,'Unsure how to do the start',4,'orange','sloper volume','slab',2,'2023-04-06 00:00:00',NULL),(518,'warmup',1,'purple','jug','slab',1,'2023-04-06 00:00:00','2023-04-06 00:00:00'),(519,'I can do all the moves, just have to link them together',4,'blue','jug mini-jug pinch side-pull sloper','overhang',4,'2023-04-06 00:00:00',NULL),(520,'Transition out of the overhang is still unknown',4,'green','jug mini-jug pinch side-pull','overhang',4,'2023-04-06 00:00:00',NULL),(521,'Running dyno start into another catch dyno',4,'black','edge jug side-pull','slab',4,'2023-04-06 00:00:00',NULL),(522,'Toe hook start is hard to land consistently',3,'green','mini-jug pinch sloper volume','overhang',7,'2023-04-06 00:00:00',NULL),(523,'Swing dyno is facing the wrong direction + the top is a bit sketchy',4,'yellow','sloper volume','overhang',4,'2023-04-06 00:00:00',NULL),(524,'straightforward',3,'black','mini-jug','overhang',1,'2023-04-06 00:00:00','2023-04-06 00:00:00'),(525,'top was harder than expected',3,'blue','crimp edge','overhang',1,'2023-04-06 00:00:00','2023-04-06 00:00:00'),(526,'trying to make the reach is very difficult as the move is very balancy',4,'pink','pinch side-pull sloper','overhang',6,'2023-04-06 00:00:00',NULL),(527,'running undercling start, rest is not that hard',3,'blue','mini-jug side-pull sloper undercling volume','slab',1,'2023-04-06 00:00:00','2023-04-06 00:00:00'),(528,'crimps were small but had enough room for 2 hands',3,'black','crimp volume','slab',1,'2023-04-06 00:00:00','2023-04-06 00:00:00'),(529,'Couldnt stretch far enough across the gap',4,'pink','pinch','slab',5,'2023-04-06 00:00:00',NULL),(530,'Just small crimps',3,'green','crimp','slab',3,'2023-04-06 00:00:00','2023-04-06 00:00:00'),(531,'Many variations on the start make it interesting',3,'pink','edge side-pull volume','slab',1,'2023-04-06 00:00:00','2023-04-06 00:00:00'),(532,'Too tired at the end of the session',3,'black','edge side-pull','slab',1,'2023-04-06 00:00:00',NULL),(540,'Lots of fun heel hooks',2,'green','jug pocket','overhang',1,'2023-04-11 00:00:00','2023-04-11 00:00:00'),(541,'Second move crossover is a really far reach + feet holds are really bad',4,'black','crimp side-pull volume','overhang',3,'2023-04-11 00:00:00',NULL),(542,'Incline of the wall + far reaches make the moves really difficult',4,'blue','pinch','overhang',2,'2023-04-11 00:00:00',NULL),(543,'Interesting body position swap in the middle to reposition for the top',3,'blue','mini-jug side-pull','slab',1,'2023-04-11 00:00:00','2023-04-11 00:00:00'),(544,'Have the start figured out. The middle is still a bit confusing as reaching up to the gaston is hard.',4,'purple','crimp sloper volume','slab',7,'2023-04-11 00:00:00',NULL),(545,'warmup',1,'blue','jug','slab',1,'2023-04-15 00:00:00','2023-04-15 00:00:00'),(546,'Warmup',2,'black','jug volume','slab',1,'2023-04-15 00:00:00','2023-04-15 00:00:00'),(547,'Intended beta is to use the wall, but doing a step-up dyno is really close as well',3,'pink','jug','slab',3,'2023-04-15 00:00:00','2023-04-15 00:00:00'),(548,'first few moves feel good, but the transition move up is a catch onto a sloper',4,'blue','sloper','slab',3,'2023-04-15 00:00:00',NULL),(549,'The transition out of the cave and into a standing position is a bit tricky',3,'blue','edge jug','overhang',1,'2023-04-15 00:00:00',NULL),(550,'Incline of the wall makes the crimps really bad',4,'orange','crimp','overhang',1,'2023-04-15 00:00:00',NULL),(551,'cant hold the start',4,'yellow','horn pinch undercling','overhang',1,'2023-04-15 00:00:00',NULL),(552,'Intended beta is a crack climb, but not doing it the crack way is much easier',4,'blue','horn pinch side-pull','slab',1,'2023-04-15 00:00:00','2023-04-15 00:00:00'),(553,'Beta is to do a double catch move while moving to the right',4,'orange','sloper volume','slab',2,'2023-04-15 00:00:00',NULL),(554,'Pistol squat finish relies on a lot of trust in the feet',4,'black','crimp pinch volume','overhang',4,'2023-04-15 00:00:00','2023-04-15 00:00:00'),(586,'null',2,'Green','Jug Pocket','Slab',1,'2023-06-28 20:12:00','2023-06-28 20:12:00'),(587,'null',2,'Pink','Edge/Rail Volume','Slab',1,'2023-06-28 20:14:00','2023-06-28 20:14:00'),(588,'null',2,'Green','Edge/Rail Jug Volume','Overhang',1,'2023-06-28 20:16:00','2023-06-28 20:16:00'),(589,'null',3,'Black','Crimp Edge/Rail Volume','Slab',1,'2023-06-28 20:19:00','2023-06-28 20:19:00'),(590,'null',3,'Pink','Edge/Rail','Roof',1,'2023-06-28 20:23:00','2023-06-28 20:23:00'),(591,'null',3,'Purple','Pinch Volume','Slab',1,'2023-06-28 20:28:00','2023-06-28 20:28:00'),(593,'null',4,'Green','Jug','Slab',1,'2023-06-28 20:34:00',NULL),(594,'null',5,'Blue','Crimp Pocket Sloper','Slab',3,'2023-06-28 20:45:00','2023-06-28 20:45:00'),(595,'null',4,'Black','Crimp Sloper Volume','Slab',6,'2023-06-28 21:33:00',NULL),(596,'null',4,'Black','Jug Sloper Volume','Slab',3,'2023-06-28 21:13:00','2023-06-28 21:13:00'),(597,'null',0,'Black','Crimp Edge/Rail Sloper','Slab',1,'2023-06-28 20:51:00','2023-06-28 20:51:00'),(598,'null',0,'Yellow','Crimp Undercling Volume','Slab',2,'2023-06-28 21:05:00',NULL),(599,'null',1,'Blue','Jug','Slab',1,'2023-07-01 19:44:00','2023-07-01 19:44:00'),(600,'null',3,'Pink','Crimp Sloper','Slab',1,'2023-07-01 19:53:00','2023-07-01 19:53:00'),(601,'null',4,'Purple','Horn Sloper','Slab',2,'2023-07-01 20:10:00',NULL),(602,'null',3,'Black','Edge/Rail Jug','Slab',1,'2023-07-01 19:56:00','2023-07-01 19:56:00'),(603,'null',3,'Yellow','Edge/Rail Pocket','Slab',3,'2023-07-01 20:01:00','2023-07-01 20:01:00'),(604,'null',1,'Black','Jug','Slab',1,'2023-07-01 19:46:00','2023-07-01 19:46:00'),(605,'null',2,'Green','Jug','Slab',1,'2023-07-01 19:47:00','2023-07-01 19:47:00'),(606,'null',3,'Blue','Jug Volume','Slab',2,'2023-07-01 19:50:00','2023-07-01 19:50:00'),(607,'null',3,'Black','Edge/Rail Jug','Overhang',3,'2023-07-01 20:21:00','2023-07-01 20:21:00'),(608,'null',4,'Purple','Side-pull/Gaston Sloper Volume','Slab',9,'2023-07-01 20:55:00','2023-07-01 20:55:00'),(609,'null',3,'Orange','Jug','Overhang',2,'2023-07-01 20:22:00',NULL),(610,'null',3,'Red','Edge/Rail Jug','Slab',7,'2023-07-03 19:29:00','2023-07-03 19:29:00'),(611,'null',4,'Orange','Pocket Side-pull/Gaston Sloper','Slab',3,'2023-07-03 19:29:00','2023-07-03 19:29:00'),(612,'null',2,'Orange','Edge/Rail','Slab',1,'2023-07-03 19:31:00','2023-07-03 19:31:00'),(613,'null',3,'Orange','Jug','Overhang',1,'2023-07-03 19:38:00','2023-07-03 19:38:00'),(614,'null',2,'Green','Jug','Overhang',1,'2023-07-03 19:34:00','2023-07-03 19:34:00'),(615,'null',2,'Pink','Edge/Rail Jug','Slab',1,'2023-07-03 19:29:00','2023-07-03 19:29:00'),(616,'null',4,'Green','Sloper','Slab',1,'2023-07-03 19:42:00','2023-07-03 19:42:00'),(617,'null',3,'Orange','Sloper Volume','Slab',1,'2023-07-03 19:48:00','2023-07-03 19:48:00'),(618,'null',0,'Orange','Side-pull/Gaston','Slab',3,'2023-07-03 19:29:00',NULL),(619,'null',4,'Green','Jug Pinch','Slab',1,'2023-07-03 19:54:00',NULL),(620,'null',4,'Pink','Crimp Sloper Volume','Slab',1,'2023-07-03 19:58:00',NULL),(621,'null',2,'Orange','Edge/Rail Jug Pocket','Overhang',6,'2023-07-03 19:29:00','2023-07-03 19:29:00'),(622,'null',4,'Blue','Edge/Rail','Overhang',2,'2023-07-03 20:37:00',NULL),(623,'null',4,'Yellow','Crimp Volume','Slab',1,'2023-07-03 20:21:00','2023-07-03 20:21:00'),(624,'null',0,'Black','Crimp Sloper','Slab',4,'2023-07-03 20:10:00',NULL),(625,'null',4,'Purple','Crimp Sloper','Overhang',1,'2023-07-03 20:37:00',NULL),(626,'null',4,'Pink','Crimp','Overhang',1,'2023-07-03 20:43:00',NULL),(627,'null',3,'Black','Crimp Sloper','Overhang',1,'2023-07-03 20:46:00','2023-07-03 20:46:00'),(628,'null',3,'Pink','Edge/Rail Jug','Overhang',1,'2023-07-03 20:51:00','2023-07-03 20:51:00'),(629,'null',2,'Pink','Crimp','Slab',1,'2023-07-08 19:24:00','2023-07-08 19:24:00'),(630,'null',3,'Green','Jug Volume','Slab',1,'2023-07-08 19:27:00','2023-07-08 19:27:00'),(631,'null',0,'Yellow','Jug Volume','Slab',1,'2023-07-03 20:13:00','2023-07-03 20:13:00'),(632,'null',3,'Yellow','Jug Pocket','Slab',1,'2023-07-08 19:33:00','2023-07-08 19:33:00'),(633,'null',3,'Blue','Sloper','Overhang',1,'2023-07-08 19:37:00','2023-07-08 19:37:00'),(634,'null',0,'Black','Edge/Rail Volume','Slab',1,'2023-07-08 20:04:00','2023-07-08 20:04:00'),(635,'null',5,'Yellow','Pocket Volume','Overhang',4,'2023-07-08 20:17:00',NULL),(636,'null',0,'Green','Sloper Volume','Slab',1,'2023-07-08 20:06:00','2023-07-08 20:06:00'),(637,'null',4,'Black','Jug Pinch Sloper','Overhang',4,'2023-07-08 19:45:00','2023-07-08 19:45:00'),(638,'null',3,'Green','Jug Pocket','Roof',1,'2023-07-08 20:23:00','2023-07-08 20:23:00'),(639,'null',4,'Red','Crimp Sloper','Slab',2,'2023-07-08 20:30:00',NULL),(640,'null',0,'Black','Jug','Slab',1,'2023-07-08 20:33:00','2023-07-08 20:33:00'),(641,'null',4,'Blue','Crimp Edge/Rail','Overhang',3,'2023-07-08 19:55:00',NULL),(642,'null',0,'Red','Jug Pocket Sloper','Roof',2,'2023-07-08 20:44:00','2023-07-08 20:44:00'),(643,'null',2,'Yellow','Jug','Overhang',1,'2023-07-08 20:59:00','2023-07-08 20:59:00'),(644,'null',1,'Yellow','Jug','Overhang',1,'2023-07-12 19:32:00','2023-07-12 19:32:00'),(645,'null',2,'Pink','Edge/Rail Sloper','Overhang',3,'2023-07-12 19:35:00','2023-07-12 19:35:00'),(646,'null',2,'Pink','Edge/Rail Jug','Slab',1,'2023-07-12 19:39:00','2023-07-12 19:39:00'),(647,'null',3,'Yellow','Jug Volume','Slab',3,'2023-07-12 19:41:00','2023-07-12 19:41:00'),(648,'null',4,'Green','Edge/Rail Jug','Overhang',1,'2023-07-12 20:08:00','2023-07-12 20:08:00'),(649,'null',4,'Purple','Edge/Rail Volume','Slab',2,'2023-07-12 20:15:00','2023-07-12 20:15:00'),(650,'null',3,'Yellow','Pinch Volume','Slab',1,'2023-07-12 20:19:00','2023-07-12 20:19:00'),(651,'null',4,'Blue','Edge/Rail Jug Pinch','Slab',2,'2023-07-12 20:26:00',NULL),(652,'null',0,'Blue','Crimp Pocket Volume','Slab',3,'2023-07-12 20:39:00',NULL),(653,'null',4,'Purple','Sloper','Slab',3,'2023-07-12 20:01:00','2023-07-12 20:01:00'),(654,'null',4,'Green','Sloper','Slab',2,'2023-07-12 20:51:00','2023-07-12 20:51:00'),(655,'null',3,'Purple','Edge/Rail Side-pull/Gaston Sloper','Slab',1,'2023-07-12 19:44:00','2023-07-12 19:44:00'),(656,'null',3,'Orange','Edge/Rail Sloper','Slab',2,'2023-07-12 20:59:00',NULL),(657,'null',3,'Blue','Jug Volume','Slab',1,'2023-07-12 19:49:00','2023-07-12 19:49:00'),(658,'null',2,'Black','Edge/Rail Volume','Slab',1,'2023-07-15 17:32:00','2023-07-15 17:32:00'),(659,'null',2,'Black','Jug Volume','Slab',1,'2023-07-15 17:45:00','2023-07-15 17:45:00'),(660,'null',1,'Black','Jug','Slab',1,'2023-07-22 18:06:00','2023-07-22 18:06:00'),(661,'null',3,'Pink','Edge/Rail Jug','Overhang',1,'2023-07-15 17:47:00','2023-07-15 17:47:00'),(662,'null',1,'Black','Jug','Slab',1,'2023-07-22 18:08:00','2023-07-22 18:08:00'),(663,'null',3,'Black','Jug Sloper','Overhang',1,'2023-07-15 17:52:00','2023-07-15 17:52:00'),(664,'null',2,'Yellow','Edge/Rail Jug','Slab',1,'2023-07-22 18:11:00','2023-07-22 18:11:00'),(665,'null',4,'Orange','Jug Sloper Volume','Overhang',1,'2023-07-15 17:57:00','2023-07-15 17:57:00'),(666,'null',4,'Purple','Edge/Rail Sloper Volume','Overhang',3,'2023-07-15 18:19:00',NULL),(667,'null',2,'Pink','Crimp','Slab',1,'2023-07-22 18:14:00','2023-07-22 18:14:00'),(668,'null',3,'Orange','Jug','Overhang',3,'2023-07-15 18:35:00','2023-07-15 18:35:00'),(669,'null',3,'Pink','Jug','Slab',1,'2023-07-22 18:18:00','2023-07-22 18:18:00'),(670,'null',3,'Orange','Jug Side-pull/Gaston Volume','Slab',1,'2023-07-22 18:22:00','2023-07-22 18:22:00'),(671,'null',5,'Blue','Sloper','Slab',2,'2023-07-22 18:36:00',NULL),(672,'null',4,'Blue','Edge/Rail Pinch Volume','Slab',3,'2023-07-22 18:54:00','2023-07-22 18:54:00'),(673,'null',0,'Blue','Crimp Pocket Sloper','Slab',1,'2023-07-22 19:00:00','2023-07-22 19:00:00'),(674,'null',0,'Yellow','Edge/Rail Sloper','Slab',1,'2023-07-22 19:06:00','2023-07-22 19:06:00'),(675,'null',2,'Orange','Sloper','Slab',1,'2023-07-26 18:54:00','2023-07-26 18:54:00'),(676,'null',2,'Yellow','Jug Sloper','Overhang',1,'2023-07-26 18:52:00','2023-07-26 18:52:00'),(677,'null',3,'Pink','Crimp Edge/Rail','Overhang',1,'2023-07-26 18:57:00','2023-07-26 18:57:00'),(678,'null',4,'Green','Jug Sloper','Slab',3,'2023-07-26 19:08:00','2023-07-26 19:08:00'),(679,'null',3,'Pink','Edge/Rail Jug','Slab',1,'2023-07-26 19:01:00','2023-07-26 19:01:00'),(680,'null',4,'Black','Crimp','Slab',1,'2023-07-26 19:13:00','2023-07-26 19:13:00'),(681,'null',1,'Pink','Edge/Rail Jug','Slab',1,'2023-07-26 18:48:00','2023-07-26 18:48:00'),(682,'null',4,'Yellow','Jug','Overhang',1,'2023-07-26 19:22:00','2023-07-26 19:22:00'),(683,'null',2,'Yellow','Jug','Overhang',1,'2023-07-26 18:50:00','2023-07-26 18:50:00'),(684,'null',0,'Blue','Jug','Overhang',1,'2023-07-26 19:51:00','2023-07-26 19:51:00'),(685,'null',4,'Black','Pinch Side-pull/Gaston Sloper','Slab',8,'2023-07-26 19:42:00',NULL),(686,'null',4,'Green','Crimp Volume','Slab',1,'2023-07-26 20:15:00','2023-07-26 20:15:00'),(687,'null',1,'Black','Jug Volume','Slab',1,'2023-07-28 20:09:00','2023-07-28 20:09:00'),(688,'null',2,'Pink','Jug Sloper Volume','Slab',1,'2023-07-28 20:13:00','2023-07-28 20:13:00'),(689,'null',3,'Purple','Jug Sloper','Overhang',1,'2023-07-28 20:15:00','2023-07-28 20:15:00'),(690,'null',3,'Black','Crimp Edge/Rail Volume','Overhang',1,'2023-07-28 20:25:00','2023-07-28 20:25:00'),(691,'null',3,'Yellow','Pocket','Overhang',1,'2023-07-28 20:41:00','2023-07-28 20:41:00'),(692,'null',2,'Black','Jug','Slab',1,'2023-07-28 20:27:00','2023-07-28 20:27:00'),(694,'null',4,'Blue','Jug  Sloper  Volume','Overhang',5,'2023-07-28 21:04:00','2023-07-28 21:04:00'),(695,'A lot harder than it looks. Toe hook jam into the wall at the start makes it a lot easier.',4,'green','sloper horn','overhang',6,'2023-07-28 20:59:00','2023-07-28 20:59:00'),(696,'null',0,'Black','Jug','Slab',1,'2023-07-31 19:40:00','2023-07-31 19:40:00'),(697,'null',3,'Orange','Sloper Volume','Slab',1,'2023-07-31 19:54:00','2023-07-31 19:54:00'),(698,'null',2,'Pink','Edge/Rail Jug','Slab',1,'2023-07-31 19:48:00','2023-07-31 19:48:00'),(699,'null',3,'Orange','Crimp Edge/Rail Sloper','Slab',2,'2023-07-31 20:02:00',NULL),(700,'null',2,'Yellow','Jug Volume','Overhang',1,'2023-07-31 19:51:00','2023-07-31 19:51:00'),(701,'null',3,'Black','Edge/Rail Jug','Overhang',1,'2023-07-31 19:57:00','2023-07-31 19:57:00'),(702,'null',2,'Yellow','Jug Sloper Volume','Slab',1,'2023-07-31 19:45:00','2023-07-31 19:45:00'),(703,'null',1,'Purple','Jug','Slab',1,'2023-07-31 19:42:00','2023-07-31 19:42:00'),(704,'null',4,'Blue','Crimp Jug Pinch','Slab',3,'2023-07-31 20:11:00',NULL),(705,'null',4,'Purple','Sloper','Overhang',1,'2023-07-31 20:16:00','2023-07-31 20:16:00'),(706,'null',2,'Purple','Pocket Side-pull/Gaston Sloper','Slab',1,'2023-07-31 20:22:00','2023-07-31 20:22:00'),(707,'null',3,'Yellow','Jug Side-pull/Gaston Sloper','Overhang',1,'2023-07-31 20:25:00','2023-07-31 20:25:00'),(708,'null',4,'Pink','Crimp Sloper','Overhang',2,'2023-07-31 20:32:00',NULL),(709,'null',4,'Yellow','Sloper Volume','Slab',4,'2023-07-31 20:49:00',NULL);
/*!40000 ALTER TABLE `boulders_old` ENABLE KEYS */;
UNLOCK TABLES;

--
-- Table structure for table `climbs`
--

DROP TABLE IF EXISTS `climbs`;
/*!40101 SET @saved_cs_client     = @@character_set_client */;
/*!50503 SET character_set_client = utf8mb4 */;
CREATE TABLE `climbs` (
  `id` int NOT NULL AUTO_INCREMENT,
  `boulderId` int NOT NULL,
  `sessionId` int NOT NULL,
  `attempts` int NOT NULL,
  `sends` int NOT NULL,
  `climbStartTime` datetime NOT NULL,
  `climbEndTime` datetime NOT NULL,
  PRIMARY KEY (`id`),
  UNIQUE KEY `id_UNIQUE` (`id`),
  KEY `boulderId_idx` (`boulderId`),
  KEY `sessionId_idx` (`sessionId`),
  CONSTRAINT `boulderId` FOREIGN KEY (`boulderId`) REFERENCES `boulders` (`id`),
  CONSTRAINT `sessionId` FOREIGN KEY (`sessionId`) REFERENCES `sessions` (`id`)
) ENGINE=InnoDB AUTO_INCREMENT=804 DEFAULT CHARSET=utf8mb4 COLLATE=utf8mb4_0900_ai_ci;
/*!40101 SET character_set_client = @saved_cs_client */;

--
-- Dumping data for table `climbs`
--

LOCK TABLES `climbs` WRITE;
/*!40000 ALTER TABLE `climbs` DISABLE KEYS */;
INSERT INTO `climbs` VALUES (29,11,11,1,1,'2023-10-08 00:34:00','2023-10-08 00:34:00'),(30,12,11,1,1,'2023-10-08 00:35:00','2023-10-08 00:35:00'),(31,13,11,1,1,'2023-10-08 00:35:00','2023-10-08 00:35:00'),(32,14,11,1,0,'2023-10-08 00:35:00','2023-10-08 00:35:00'),(33,15,11,1,0,'2023-10-08 00:36:00','2023-10-08 00:36:00'),(34,17,11,1,1,'2023-10-08 00:36:00','2023-10-08 00:36:00'),(35,18,11,2,1,'2023-10-08 00:36:00','2023-10-08 00:36:00'),(36,19,11,5,0,'2023-10-08 00:36:00','2023-10-08 00:36:00'),(37,20,11,2,2,'2023-10-08 00:36:00','2023-10-08 00:36:00'),(38,22,11,2,1,'2023-10-08 00:37:00','2023-10-08 00:37:00'),(39,23,11,2,1,'2023-10-08 00:37:00','2023-10-08 00:37:00'),(40,24,11,2,1,'2023-10-08 00:37:00','2023-10-08 00:37:00'),(41,25,11,1,0,'2023-10-08 00:37:00','2023-10-08 00:37:00'),(42,27,11,1,1,'2023-10-08 00:37:00','2023-10-08 00:37:00'),(43,28,11,1,1,'2023-10-08 00:37:00','2023-10-08 00:37:00'),(54,38,43,1,1,'2023-10-13 19:43:00','2023-10-13 19:43:00'),(55,39,43,1,1,'2023-10-13 22:59:00','2023-10-13 22:59:00'),(56,40,43,1,1,'2023-10-13 23:00:00','2023-10-13 23:00:00'),(57,41,43,1,1,'2023-10-13 23:00:00','2023-10-13 23:00:00'),(58,42,43,1,1,'2023-10-13 23:00:00','2023-10-13 23:00:00'),(59,43,43,1,1,'2023-10-13 23:00:00','2023-10-13 23:00:00'),(60,47,43,1,1,'2023-10-13 23:00:00','2023-10-13 23:00:00'),(61,48,43,1,1,'2023-10-13 23:00:00','2023-10-13 23:00:00'),(62,44,43,1,1,'2023-10-13 23:00:00','2023-10-13 23:00:00'),(63,45,43,1,1,'2023-10-13 23:01:00','2023-10-13 23:01:00'),(64,46,43,1,1,'2023-10-13 23:01:00','2023-10-13 23:01:00'),(65,51,43,2,0,'2023-10-13 23:01:00','2023-10-13 23:01:00'),(66,49,43,1,1,'2023-10-13 23:01:00','2023-10-13 23:01:00'),(67,50,43,2,1,'2023-10-13 23:01:00','2023-10-13 23:01:00'),(68,53,43,2,0,'2023-10-13 23:01:00','2023-10-13 23:01:00'),(69,54,43,8,0,'2023-10-13 23:02:00','2023-10-13 23:02:00'),(70,73,47,1,1,'2023-10-15 23:02:00','2023-10-15 23:02:00'),(71,74,47,1,1,'2023-10-15 23:02:00','2023-10-15 23:02:00'),(72,78,47,1,1,'2023-10-15 23:03:00','2023-10-15 23:03:00'),(73,79,47,1,1,'2023-10-15 23:03:00','2023-10-15 23:03:00'),(74,80,47,1,1,'2023-10-15 23:03:00','2023-10-15 23:03:00'),(75,81,47,3,0,'2023-10-15 23:03:00','2023-10-15 23:03:00'),(76,83,47,1,1,'2023-10-15 23:03:00','2023-10-15 23:03:00'),(77,84,47,2,1,'2023-10-15 23:03:00','2023-10-15 23:03:00'),(78,85,47,4,0,'2023-10-15 23:03:00','2023-10-15 23:03:00'),(79,86,47,1,1,'2023-10-15 23:04:00','2023-10-15 23:04:00'),(80,88,47,1,0,'2023-10-15 23:04:00','2023-10-15 23:04:00'),(81,89,47,2,0,'2023-10-15 23:04:00','2023-10-15 23:04:00'),(82,91,47,3,1,'2023-10-15 23:04:00','2023-10-15 23:04:00'),(83,93,47,1,1,'2023-10-15 23:04:00','2023-10-15 23:04:00'),(84,75,47,1,1,'2023-10-15 23:04:00','2023-10-15 23:04:00'),(85,76,47,1,0,'2023-10-15 23:05:00','2023-10-15 23:05:00'),(86,92,47,1,1,'2023-10-15 23:05:00','2023-10-15 23:05:00'),(87,90,47,1,0,'2023-10-15 23:05:00','2023-10-15 23:05:00'),(88,87,47,1,1,'2023-10-15 23:05:00','2023-10-15 23:05:00'),(103,97,70,1,1,'2023-10-17 19:51:00','2023-10-17 19:51:00'),(104,98,70,1,1,'2023-10-17 19:52:00','2023-10-17 19:52:00'),(105,40,70,1,1,'2023-10-17 19:56:00','2023-10-17 19:56:00'),(106,41,70,1,1,'2023-10-17 20:01:00','2023-10-17 20:01:00'),(107,99,70,2,1,'2023-10-17 20:07:00','2023-10-17 20:07:00'),(108,45,70,1,1,'2023-10-17 20:10:00','2023-10-17 20:10:00'),(109,44,70,1,1,'2023-10-17 20:13:00','2023-10-17 20:13:00'),(110,52,70,1,1,'2023-10-17 20:17:00','2023-10-17 20:17:00'),(111,100,70,2,1,'2023-10-17 20:23:00','2023-10-17 20:23:00'),(112,101,70,1,1,'2023-10-17 20:26:00','2023-10-17 20:26:00'),(113,54,70,2,1,'2023-10-17 20:31:00','2023-10-17 20:31:00'),(114,102,70,1,1,'2023-10-17 20:43:00','2023-10-17 20:43:00'),(115,103,70,1,1,'2023-10-17 20:43:00','2023-10-17 20:43:00'),(116,57,70,1,1,'2023-10-17 20:57:00','2023-10-17 20:57:00'),(117,104,70,4,0,'2023-10-17 21:13:00','2023-10-17 21:13:00'),(118,109,70,1,0,'2023-10-17 21:16:00','2023-10-17 21:16:00'),(119,66,70,2,0,'2023-10-17 21:27:00','2023-10-17 21:27:00'),(120,105,70,3,1,'2023-10-17 21:27:00','2023-10-17 21:27:00'),(121,107,70,1,0,'2023-10-17 21:28:00','2023-10-17 21:28:00'),(122,106,70,1,0,'2023-10-17 21:28:00','2023-10-17 21:28:00'),(125,110,72,1,1,'2023-10-21 17:03:00','2023-10-21 17:03:00'),(126,111,72,1,1,'2023-10-21 17:06:00','2023-10-21 17:06:00'),(127,112,72,1,1,'2023-10-21 17:08:00','2023-10-21 17:08:00'),(128,90,72,1,1,'2023-10-21 17:10:00','2023-10-21 17:10:00'),(129,113,72,1,1,'2023-10-21 17:13:00','2023-10-21 17:13:00'),(130,114,72,1,1,'2023-10-21 17:17:00','2023-10-21 17:17:00'),(131,115,72,1,1,'2023-10-21 17:21:00','2023-10-21 17:21:00'),(132,91,72,1,1,'2023-10-21 17:26:00','2023-10-21 17:26:00'),(133,116,72,1,1,'2023-10-21 17:29:00','2023-10-21 17:29:00'),(134,117,72,1,1,'2023-10-21 17:35:00','2023-10-21 17:35:00'),(135,118,72,1,1,'2023-10-21 17:37:00','2023-10-21 17:37:00'),(136,119,72,5,0,'2023-10-21 17:46:00','2023-10-21 17:46:00'),(137,120,72,1,1,'2023-10-21 17:46:00','2023-10-21 17:46:00'),(138,121,72,1,0,'2023-10-21 17:49:00','2023-10-21 17:49:00'),(139,78,72,1,1,'2023-10-21 17:52:00','2023-10-21 17:52:00'),(140,82,72,1,1,'2023-10-21 17:56:00','2023-10-21 17:56:00'),(141,81,72,3,0,'2023-10-21 18:01:00','2023-10-21 18:01:00'),(142,122,72,2,0,'2023-10-21 18:05:00','2023-10-21 18:05:00'),(143,123,72,1,1,'2023-10-21 18:10:00','2023-10-21 18:10:00'),(144,85,72,15,0,'2023-10-21 18:32:00','2023-10-21 18:32:00'),(145,124,72,1,0,'2023-10-21 18:36:00','2023-10-21 18:36:00'),(146,125,72,1,0,'2023-10-21 18:37:00','2023-10-21 18:37:00'),(147,126,72,2,0,'2023-10-21 18:46:00','2023-10-21 18:46:00'),(148,127,72,1,0,'2023-10-21 18:46:00','2023-10-21 18:46:00'),(149,128,72,1,1,'2023-10-21 18:46:00','2023-10-21 18:46:00'),(150,87,72,1,1,'2023-10-21 18:52:00','2023-10-21 18:52:00'),(151,129,79,1,1,'2023-10-25 19:30:00','2023-10-25 19:30:00'),(152,130,79,1,1,'2023-10-25 19:33:00','2023-10-25 19:33:00'),(153,131,79,1,1,'2023-10-25 19:36:00','2023-10-25 19:36:00'),(154,43,79,1,1,'2023-10-25 19:40:00','2023-10-25 19:40:00'),(155,132,79,3,0,'2023-10-25 19:45:00','2023-10-25 19:45:00'),(156,133,79,1,1,'2023-10-25 19:49:00','2023-10-25 19:49:00'),(157,57,79,3,1,'2023-10-25 19:54:00','2023-10-25 19:54:00'),(158,135,79,2,1,'2023-10-25 19:56:00','2023-10-25 19:56:00'),(159,136,79,1,1,'2023-10-25 20:10:00','2023-10-25 20:10:00'),(160,137,79,1,1,'2023-10-25 20:12:00','2023-10-25 20:12:00'),(161,138,79,2,0,'2023-10-25 20:18:00','2023-10-25 20:18:00'),(163,53,79,1,1,'2023-10-25 20:25:00','2023-10-25 20:25:00'),(164,63,79,4,1,'2023-10-25 20:40:00','2023-10-25 20:40:00'),(165,109,79,1,0,'2023-10-25 20:46:00','2023-10-25 20:46:00'),(166,139,79,1,0,'2023-10-25 20:48:00','2023-10-25 20:48:00'),(171,143,83,1,1,'2023-10-29 12:34:00','2023-10-29 12:34:00'),(172,144,83,1,1,'2023-10-29 12:34:00','2023-10-29 12:34:00'),(173,145,83,1,1,'2023-10-29 12:36:00','2023-10-29 12:36:00'),(174,147,83,1,1,'2023-10-29 12:46:00','2023-10-29 12:46:00'),(175,148,83,1,1,'2023-10-29 12:49:00','2023-10-29 12:49:00'),(176,149,83,1,1,'2023-10-29 12:54:00','2023-10-29 12:54:00'),(177,150,83,1,1,'2023-10-29 12:57:00','2023-10-29 12:57:00'),(178,151,83,1,1,'2023-10-29 13:02:00','2023-10-29 13:02:00'),(179,152,83,2,1,'2023-10-29 13:06:00','2023-10-29 13:06:00'),(180,154,83,7,1,'2023-10-29 13:24:00','2023-10-29 13:24:00'),(181,155,83,2,0,'2023-10-29 13:34:00','2023-10-29 13:34:00'),(182,156,83,2,1,'2023-10-29 13:38:00','2023-10-29 13:38:00'),(183,157,83,3,0,'2023-10-29 13:43:00','2023-10-29 13:43:00'),(184,158,83,2,0,'2023-10-29 13:45:00','2023-10-29 13:45:00'),(185,159,83,2,1,'2023-10-29 13:54:00','2023-10-29 13:54:00'),(186,98,87,1,1,'2023-11-02 19:44:00','2023-11-02 19:44:00'),(187,97,87,1,1,'2023-11-02 19:45:00','2023-11-02 19:45:00'),(188,160,87,1,1,'2023-11-02 19:47:00','2023-11-02 19:47:00'),(189,41,87,1,1,'2023-11-02 19:49:00','2023-11-02 19:49:00'),(190,42,87,1,1,'2023-11-02 19:53:00','2023-11-02 19:53:00'),(191,99,87,1,1,'2023-11-02 19:55:00','2023-11-02 19:55:00'),(192,161,87,2,0,'2023-11-02 20:05:00','2023-11-02 20:05:00'),(193,132,87,2,0,'2023-11-02 20:09:00','2023-11-02 20:09:00'),(194,162,87,2,1,'2023-11-02 20:15:00','2023-11-02 20:15:00'),(195,163,87,1,1,'2023-11-02 20:19:00','2023-11-02 20:19:00'),(196,164,87,1,1,'2023-11-02 20:22:00','2023-11-02 20:22:00'),(197,167,87,1,1,'2023-11-02 20:35:00','2023-11-02 20:35:00'),(198,168,87,3,0,'2023-11-02 20:45:00','2023-11-02 20:45:00'),(199,138,87,6,1,'2023-11-02 20:56:00','2023-11-02 20:56:00'),(200,169,87,5,0,'2023-11-02 21:23:00','2023-11-02 21:23:00'),(202,171,87,1,1,'2023-11-02 21:25:00','2023-11-02 21:25:00'),(203,170,87,10,1,'2023-11-02 21:40:00','2023-11-02 21:40:00'),(204,116,88,1,1,'2023-11-05 15:47:00','2023-11-05 15:47:00'),(205,173,88,1,1,'2023-11-05 15:51:00','2023-11-05 15:51:00'),(206,174,88,1,1,'2023-11-05 15:56:00','2023-11-05 15:56:00'),(207,118,88,1,1,'2023-11-05 15:59:00','2023-11-05 15:59:00'),(208,175,88,1,1,'2023-11-05 16:03:00','2023-11-05 16:03:00'),(209,176,88,1,1,'2023-11-05 16:07:00','2023-11-05 16:07:00'),(210,80,88,1,1,'2023-11-05 16:10:00','2023-11-05 16:10:00'),(211,81,88,4,1,'2023-11-05 16:23:00','2023-11-05 16:23:00'),(212,177,88,2,1,'2023-11-05 16:27:00','2023-11-05 16:27:00'),(213,178,88,1,1,'2023-11-05 16:34:00','2023-11-05 16:34:00'),(214,180,88,2,1,'2023-11-05 16:46:00','2023-11-05 16:46:00'),(215,181,88,2,1,'2023-11-05 17:13:00','2023-11-05 17:13:00'),(216,182,88,1,1,'2023-11-05 17:14:00','2023-11-05 17:14:00'),(217,183,89,1,1,'2023-11-08 20:39:00','2023-11-08 20:39:00'),(218,184,89,1,1,'2023-11-08 20:41:00','2023-11-08 20:41:00'),(219,185,89,1,1,'2023-11-08 20:45:00','2023-11-08 20:45:00'),(220,186,89,1,1,'2023-11-08 20:48:00','2023-11-08 20:48:00'),(221,133,89,1,1,'2023-11-08 20:49:00','2023-11-08 20:49:00'),(222,135,89,1,1,'2023-11-08 20:53:00','2023-11-08 20:53:00'),(223,134,89,1,1,'2023-11-08 21:00:00','2023-11-08 21:00:00'),(224,136,89,1,1,'2023-11-08 21:04:00','2023-11-08 21:04:00'),(225,187,89,1,1,'2023-11-08 21:13:00','2023-11-08 21:13:00'),(226,188,89,1,1,'2023-11-08 21:14:00','2023-11-08 21:14:00'),(227,188,89,1,1,'2023-11-08 21:14:00','2023-11-08 21:14:00'),(228,189,89,1,0,'2023-11-08 21:28:00','2023-11-08 21:28:00'),(229,190,89,1,1,'2023-11-08 21:28:00','2023-11-08 21:28:00'),(230,191,89,2,1,'2023-11-08 21:42:00','2023-11-08 21:42:00'),(231,165,89,7,0,'2023-11-08 22:16:00','2023-11-08 22:16:00'),(232,192,89,1,1,'2023-11-08 22:18:00','2023-11-08 22:18:00'),(233,193,90,1,1,'2023-11-10 20:31:00','2023-11-10 20:31:00'),(234,194,90,1,1,'2023-11-10 20:33:00','2023-11-10 20:33:00'),(235,195,90,1,1,'2023-11-10 20:37:00','2023-11-10 20:37:00'),(236,196,90,1,1,'2023-11-10 20:40:00','2023-11-10 20:40:00'),(237,197,90,1,1,'2023-11-10 20:44:00','2023-11-10 20:44:00'),(238,198,90,2,1,'2023-11-10 20:51:00','2023-11-10 20:51:00'),(239,199,90,1,1,'2023-11-10 20:56:00','2023-11-10 20:56:00'),(240,167,90,1,1,'2023-11-10 21:00:00','2023-11-10 21:00:00'),(241,192,90,1,1,'2023-11-10 21:05:00','2023-11-10 21:05:00'),(242,171,90,2,1,'2023-11-10 21:15:00','2023-11-10 21:15:00'),(243,201,90,3,1,'2023-11-10 21:27:00','2023-11-10 21:27:00'),(244,202,90,1,1,'2023-11-10 21:32:00','2023-11-10 21:32:00'),(245,172,90,2,1,'2023-11-10 21:41:00','2023-11-10 21:41:00'),(246,203,90,5,0,'2023-11-10 22:04:00','2023-11-10 22:04:00'),(247,191,90,2,0,'2023-11-10 22:11:00','2023-11-10 22:11:00'),(254,183,125,1,1,'2023-11-13 22:35:00','2023-11-13 22:35:00'),(255,98,125,1,1,'2023-11-13 22:36:00','2023-11-13 22:36:00'),(256,137,125,1,1,'2023-11-13 22:43:00','2023-11-13 22:43:00'),(257,200,125,2,1,'2023-11-13 22:43:00','2023-11-13 22:43:00'),(258,138,125,1,1,'2023-11-13 22:43:00','2023-11-13 22:43:00'),(259,201,125,3,1,'2023-11-13 22:44:00','2023-11-13 22:44:00'),(260,170,125,1,1,'2023-11-13 22:45:00','2023-11-13 22:45:00'),(261,202,125,1,1,'2023-11-13 22:45:00','2023-11-13 22:45:00'),(262,204,125,1,0,'2023-11-13 22:47:00','2023-11-13 22:47:00'),(263,163,125,1,1,'2023-11-13 22:47:00','2023-11-13 22:47:00'),(264,162,125,1,1,'2023-11-13 22:48:00','2023-11-13 22:48:00'),(265,168,125,2,0,'2023-11-13 22:48:00','2023-11-13 22:48:00'),(266,191,125,2,0,'2023-11-13 22:48:00','2023-11-13 22:48:00'),(267,165,125,1,0,'2023-11-13 22:48:00','2023-11-13 22:48:00'),(274,208,132,1,1,'2023-11-24 19:37:00','2023-11-24 19:37:00'),(275,209,132,1,1,'2023-11-24 19:39:00','2023-11-24 19:39:00'),(276,210,132,1,1,'2023-11-24 19:43:00','2023-11-24 19:43:00'),(277,211,132,1,1,'2023-11-24 19:44:00','2023-11-24 19:44:00'),(278,212,132,1,1,'2023-11-24 19:46:00','2023-11-24 19:46:00'),(279,213,132,3,0,'2023-11-24 19:57:00','2023-11-24 19:57:00'),(280,214,132,3,1,'2023-11-24 20:07:00','2023-11-24 20:07:00'),(281,215,132,2,0,'2023-11-24 20:12:00','2023-11-24 20:12:00'),(282,216,132,1,1,'2023-11-24 20:14:00','2023-11-24 20:14:00'),(283,217,132,1,1,'2023-11-24 20:17:00','2023-11-24 20:17:00'),(284,218,132,2,1,'2023-11-24 20:28:00','2023-11-24 20:28:00'),(285,219,132,1,1,'2023-11-24 20:38:00','2023-11-24 20:38:00'),(286,220,132,2,0,'2023-11-24 20:50:00','2023-11-24 20:50:00'),(287,221,132,1,1,'2023-11-24 20:59:00','2023-11-24 20:59:00'),(288,222,132,5,1,'2023-11-24 21:09:00','2023-11-24 21:09:00'),(292,229,135,1,1,'2023-11-26 13:10:00','2023-11-26 13:10:00'),(293,230,135,1,1,'2023-11-26 13:13:00','2023-11-26 13:13:00'),(294,231,135,1,1,'2023-11-26 13:18:00','2023-11-26 13:18:00'),(295,232,135,1,1,'2023-11-26 13:18:00','2023-11-26 13:18:00'),(296,233,135,1,1,'2023-11-26 13:20:00','2023-11-26 13:20:00'),(297,234,135,1,1,'2023-11-26 13:28:00','2023-11-26 13:28:00'),(298,235,135,1,1,'2023-11-26 13:31:00','2023-11-26 13:31:00'),(299,236,135,1,1,'2023-11-26 13:41:00','2023-11-26 13:41:00'),(300,237,135,1,1,'2023-11-26 13:54:00','2023-11-26 13:54:00'),(301,238,135,1,1,'2023-11-26 14:04:00','2023-11-26 14:04:00'),(302,239,135,2,0,'2023-11-26 14:16:00','2023-11-26 14:16:00'),(303,240,135,1,1,'2023-11-26 14:17:00','2023-11-26 14:17:00'),(304,241,135,2,0,'2023-11-26 14:31:00','2023-11-26 14:31:00'),(305,242,135,1,1,'2023-11-26 14:34:00','2023-11-26 14:34:00'),(306,243,133,1,1,'2023-11-26 17:57:00','2023-11-26 17:57:00'),(307,244,133,1,1,'2023-11-26 18:01:00','2023-11-26 18:01:00'),(308,143,133,1,1,'2023-11-26 18:02:00','2023-11-26 18:02:00'),(309,245,133,3,1,'2023-11-26 18:02:00','2023-11-26 18:02:00'),(310,246,133,2,1,'2023-11-26 18:04:00','2023-11-26 18:04:00'),(311,247,133,1,1,'2023-11-26 18:06:00','2023-11-26 18:06:00'),(312,248,133,1,1,'2023-11-26 18:06:00','2023-11-26 18:06:00'),(313,249,133,1,1,'2023-11-26 18:07:00','2023-11-26 18:07:00'),(314,250,133,1,1,'2023-11-26 18:08:00','2023-11-26 18:08:00'),(315,251,133,2,0,'2023-11-26 18:09:00','2023-11-26 18:09:00'),(316,252,133,1,1,'2023-11-26 18:10:00','2023-11-26 18:10:00'),(317,253,133,1,1,'2023-11-26 18:11:00','2023-11-26 18:11:00'),(319,254,133,2,1,'2023-11-26 18:13:00','2023-11-26 18:13:00'),(320,156,133,1,1,'2023-11-26 18:13:00','2023-11-26 18:13:00'),(321,255,133,1,1,'2023-11-26 18:13:00','2023-11-26 18:13:00'),(322,157,133,1,1,'2023-11-26 18:14:00','2023-11-26 18:14:00'),(323,158,133,2,0,'2023-11-26 18:14:00','2023-11-26 18:14:00'),(325,256,133,2,0,'2023-11-26 18:15:00','2023-11-26 18:15:00'),(326,257,133,1,0,'2023-11-26 18:15:00','2023-11-26 18:15:00'),(327,258,133,3,0,'2023-11-26 18:16:00','2023-11-26 18:16:00'),(328,259,133,3,0,'2023-11-26 18:17:00','2023-11-26 18:17:00'),(329,260,136,1,1,'2023-11-29 19:19:00','2023-11-29 19:19:00'),(330,261,136,1,1,'2023-11-29 19:22:00','2023-11-29 19:22:00'),(331,262,136,1,1,'2023-11-29 19:26:00','2023-11-29 19:26:00'),(332,263,136,1,1,'2023-11-29 19:28:00','2023-11-29 19:28:00'),(333,264,136,1,1,'2023-11-29 19:31:00','2023-11-29 19:31:00'),(334,265,136,1,1,'2023-11-29 19:35:00','2023-11-29 19:35:00'),(335,266,136,1,1,'2023-11-29 19:40:00','2023-11-29 19:40:00'),(336,267,136,2,1,'2023-11-29 19:46:00','2023-11-29 19:46:00'),(337,268,136,1,1,'2023-11-29 19:49:00','2023-11-29 19:49:00'),(339,269,136,1,1,'2023-11-29 19:54:00','2023-11-29 19:54:00'),(340,270,136,2,0,'2023-11-29 19:58:00','2023-11-29 19:58:00'),(341,271,136,4,0,'2023-11-29 20:06:00','2023-11-29 20:06:00'),(342,272,136,1,1,'2023-11-29 20:08:00','2023-11-29 20:08:00'),(343,273,136,4,1,'2023-11-29 20:18:00','2023-11-29 20:18:00'),(344,274,136,7,0,'2023-11-29 20:44:00','2023-11-29 20:44:00'),(345,274,136,2,0,'2023-11-29 20:48:00','2023-11-29 20:48:00'),(346,276,136,6,0,'2023-11-29 12:52:00','2023-11-29 12:52:00'),(348,277,136,2,1,'2023-11-29 20:54:00','2023-11-29 20:54:00'),(349,278,136,1,1,'2023-11-29 21:13:00','2023-11-29 21:13:00'),(350,279,137,1,1,'2023-12-02 14:19:00','2023-12-02 14:19:00'),(351,280,137,1,1,'2023-12-02 14:21:00','2023-12-02 14:21:00'),(352,281,137,1,1,'2023-12-02 14:23:00','2023-12-02 14:23:00'),(353,282,137,1,1,'2023-12-02 14:25:00','2023-12-02 14:25:00'),(354,283,137,1,1,'2023-12-02 14:28:00','2023-12-02 14:28:00'),(355,284,137,1,1,'2023-12-02 14:31:00','2023-12-02 14:31:00'),(356,285,137,1,1,'2023-12-02 14:34:00','2023-12-02 14:34:00'),(357,286,137,1,1,'2023-12-02 14:38:00','2023-12-02 14:38:00'),(358,287,137,1,1,'2023-12-02 14:42:00','2023-12-02 14:42:00'),(359,288,137,2,1,'2023-12-02 14:47:00','2023-12-02 14:47:00'),(360,289,137,1,1,'2023-12-02 14:52:00','2023-12-02 14:52:00'),(361,290,137,1,1,'2023-12-02 15:00:00','2023-12-02 15:00:00'),(362,274,137,2,1,'2023-12-02 15:09:00','2023-12-02 15:09:00'),(363,291,137,1,1,'2023-12-02 15:14:00','2023-12-02 15:14:00'),(364,275,137,1,1,'2023-12-02 15:18:00','2023-12-02 15:18:00'),(365,292,137,1,0,'2023-12-02 15:25:00','2023-12-02 15:25:00'),(366,293,137,6,0,'2023-12-02 15:30:00','2023-12-02 15:30:00'),(367,273,137,2,0,'2023-12-02 15:38:00','2023-12-02 15:38:00'),(368,280,138,1,1,'2023-12-05 19:41:00','2023-12-05 19:41:00'),(369,281,138,1,1,'2023-12-05 19:44:00','2023-12-05 19:44:00'),(370,282,138,1,1,'2023-12-05 19:46:00','2023-12-05 19:46:00'),(371,294,138,2,0,'2023-12-05 19:51:00','2023-12-05 19:51:00'),(372,283,138,1,1,'2023-12-05 19:54:00','2023-12-05 19:54:00'),(373,285,138,1,1,'2023-12-05 19:56:00','2023-12-05 19:56:00'),(374,284,138,1,1,'2023-12-05 20:00:00','2023-12-05 20:00:00'),(375,295,138,4,0,'2023-12-05 20:07:00','2023-12-05 20:07:00'),(376,296,138,2,0,'2023-12-05 20:11:00','2023-12-05 20:11:00'),(377,287,138,1,1,'2023-12-05 20:20:00','2023-12-05 20:20:00'),(378,288,138,2,1,'2023-12-05 20:23:00','2023-12-05 20:23:00'),(379,265,138,1,1,'2023-12-05 20:28:00','2023-12-05 20:28:00'),(380,266,138,1,1,'2023-12-05 20:32:00','2023-12-05 20:32:00'),(381,298,138,1,1,'2023-12-05 20:36:00','2023-12-05 20:36:00'),(382,299,138,1,1,'2023-12-05 20:42:00','2023-12-05 20:42:00'),(383,271,138,2,0,'2023-12-05 20:59:00','2023-12-05 20:59:00'),(384,276,138,1,0,'2023-12-05 21:03:00','2023-12-05 21:03:00'),(385,300,138,2,1,'2023-12-05 21:07:00','2023-12-05 21:07:00'),(386,294,138,4,1,'2023-12-05 21:13:00','2023-12-05 21:13:00'),(387,301,139,1,1,'2023-12-08 19:37:00','2023-12-08 19:37:00'),(388,302,139,1,1,'2023-12-08 19:38:00','2023-12-08 19:38:00'),(389,303,139,1,1,'2023-12-08 19:40:00','2023-12-08 19:40:00'),(391,304,139,1,1,'2023-12-08 19:44:00','2023-12-08 19:44:00'),(392,305,139,1,1,'2023-12-08 19:45:00','2023-12-08 19:45:00'),(393,306,139,1,1,'2023-12-08 19:47:00','2023-12-08 19:47:00'),(394,307,139,1,1,'2023-12-08 19:52:00','2023-12-08 19:52:00'),(395,308,139,1,1,'2023-12-08 19:56:00','2023-12-08 19:56:00'),(396,309,139,1,1,'2023-12-08 20:01:00','2023-12-08 20:01:00'),(397,310,139,1,1,'2023-12-08 20:06:00','2023-12-08 20:06:00'),(398,311,139,4,0,'2023-12-08 20:15:00','2023-12-08 20:15:00'),(399,312,139,2,1,'2023-12-08 20:19:00','2023-12-08 20:19:00'),(400,313,139,1,1,'2023-12-08 20:21:00','2023-12-08 20:21:00'),(401,314,139,1,1,'2023-12-08 20:25:00','2023-12-08 20:25:00'),(402,315,139,3,0,'2023-12-08 20:37:00','2023-12-08 20:37:00'),(403,316,139,2,1,'2023-12-08 20:45:00','2023-12-08 20:45:00'),(404,317,139,4,0,'2023-12-08 21:01:00','2023-12-08 21:01:00'),(405,318,139,1,1,'2023-12-08 21:06:00','2023-12-08 21:06:00'),(406,319,139,4,0,'2023-12-08 21:16:00','2023-12-08 21:16:00'),(407,320,139,1,1,'2023-12-08 21:18:00','2023-12-08 21:18:00'),(408,322,139,1,1,'2023-12-08 21:35:00','2023-12-08 21:35:00'),(409,321,139,3,0,'2023-12-08 21:35:00','2023-12-08 21:35:00'),(410,323,140,1,1,'2023-12-10 14:47:00','2023-12-10 14:47:00'),(411,324,140,1,1,'2023-12-10 14:57:00','2023-12-10 14:57:00'),(412,325,140,1,1,'2023-12-10 15:04:00','2023-12-10 15:04:00'),(413,326,140,1,1,'2023-12-10 15:10:00','2023-12-10 15:10:00'),(414,327,140,1,1,'2023-12-10 15:13:00','2023-12-10 15:13:00'),(415,328,140,1,1,'2023-12-10 15:22:00','2023-12-10 15:22:00'),(416,284,140,1,1,'2023-12-10 15:28:00','2023-12-10 15:28:00'),(417,329,140,2,0,'2023-12-10 15:40:00','2023-12-10 15:40:00'),(418,270,140,2,1,'2023-12-10 16:04:00','2023-12-10 16:04:00'),(419,330,140,2,0,'2023-12-10 16:04:00','2023-12-10 16:04:00'),(420,267,140,1,1,'2023-12-10 16:08:00','2023-12-10 16:08:00'),(421,331,140,4,0,'2023-12-10 16:16:00','2023-12-10 16:16:00'),(422,332,140,1,1,'2023-12-10 16:32:00','2023-12-10 16:32:00'),(423,333,140,2,0,'2023-12-10 16:32:00','2023-12-10 16:32:00'),(424,282,140,1,1,'2023-12-10 16:33:00','2023-12-10 16:33:00'),(425,334,140,1,1,'2023-12-10 16:33:00','2023-12-10 16:33:00'),(426,335,140,1,1,'2023-12-10 16:34:00','2023-12-10 16:34:00'),(427,292,140,3,0,'2023-12-10 16:51:00','2023-12-10 16:51:00'),(428,280,141,1,1,'2023-12-15 19:52:00','2023-12-15 19:52:00'),(429,336,141,1,1,'2023-12-15 19:52:00','2023-12-15 19:52:00'),(430,337,141,1,1,'2023-12-15 19:55:00','2023-12-15 19:55:00'),(431,338,141,1,1,'2023-12-15 19:56:00','2023-12-15 19:56:00'),(432,335,141,1,1,'2023-12-15 19:59:00','2023-12-15 19:59:00'),(433,339,141,1,1,'2023-12-15 20:02:00','2023-12-15 20:02:00'),(434,326,141,1,1,'2023-12-15 20:11:00','2023-12-15 20:11:00'),(435,327,141,4,1,'2023-12-15 20:18:00','2023-12-15 20:18:00'),(436,340,141,1,1,'2023-12-15 20:21:00','2023-12-15 20:21:00'),(437,342,141,1,1,'2023-12-15 20:27:00','2023-12-15 20:27:00'),(438,277,141,1,1,'2023-12-15 20:29:00','2023-12-15 20:29:00'),(439,343,141,1,1,'2023-12-15 20:36:00','2023-12-15 20:36:00'),(440,344,141,6,0,'2023-12-15 20:44:00','2023-12-15 20:44:00'),(441,345,141,1,1,'2023-12-15 20:47:00','2023-12-15 20:47:00'),(442,346,141,3,0,'2023-12-15 20:52:00','2023-12-15 20:52:00'),(443,330,141,3,0,'2023-12-15 20:59:00','2023-12-15 20:59:00'),(444,347,141,7,0,'2023-12-15 21:16:00','2023-12-15 21:16:00'),(445,348,141,1,1,'2023-12-15 21:20:00','2023-12-15 21:20:00'),(446,298,141,2,1,'2023-12-15 21:28:00','2023-12-15 21:28:00'),(447,299,141,1,1,'2023-12-15 21:31:00','2023-12-15 21:31:00'),(448,265,141,3,3,'2023-12-15 21:43:00','2023-12-15 21:43:00'),(449,349,142,1,1,'2023-12-18 19:48:00','2023-12-18 19:48:00'),(450,350,142,1,1,'2023-12-18 19:50:00','2023-12-18 19:50:00'),(451,351,142,1,1,'2023-12-18 19:57:00','2023-12-18 19:57:00'),(452,352,142,1,1,'2023-12-18 19:59:00','2023-12-18 19:59:00'),(453,332,142,1,1,'2023-12-18 20:08:00','2023-12-18 20:08:00'),(454,266,142,1,1,'2023-12-18 20:09:00','2023-12-18 20:09:00'),(455,287,142,1,1,'2023-12-18 20:13:00','2023-12-18 20:13:00'),(456,290,142,1,1,'2023-12-18 20:18:00','2023-12-18 20:18:00'),(457,347,142,6,0,'2023-12-18 20:56:00','2023-12-18 20:56:00'),(458,274,142,4,1,'2023-12-18 21:02:00','2023-12-18 21:02:00'),(459,333,142,4,0,'2023-12-18 21:12:00','2023-12-18 21:12:00'),(460,353,142,3,0,'2023-12-18 21:30:00','2023-12-18 21:30:00'),(461,326,142,1,1,'2023-12-18 21:34:00','2023-12-18 21:34:00'),(462,339,142,1,1,'2023-12-18 21:39:00','2023-12-18 21:39:00'),(463,354,143,1,1,'2023-12-20 19:44:00','2023-12-20 19:44:00'),(464,355,143,1,1,'2023-12-20 19:46:00','2023-12-20 19:46:00'),(465,356,143,1,1,'2023-12-20 19:48:00','2023-12-20 19:48:00'),(466,357,143,1,1,'2023-12-20 19:51:00','2023-12-20 19:51:00'),(467,358,143,1,1,'2023-12-20 19:54:00','2023-12-20 19:54:00'),(468,359,143,1,1,'2023-12-20 19:56:00','2023-12-20 19:56:00'),(469,360,143,1,1,'2023-12-20 20:00:00','2023-12-20 20:00:00'),(470,361,143,1,1,'2023-12-20 20:01:00','2023-12-20 20:01:00'),(471,362,143,1,1,'2023-12-20 20:04:00','2023-12-20 20:04:00'),(472,363,143,3,1,'2023-12-20 20:08:00','2023-12-20 20:08:00'),(473,364,143,2,1,'2023-12-20 20:14:00','2023-12-20 20:14:00'),(474,365,143,5,1,'2023-12-20 20:25:00','2023-12-20 20:25:00'),(475,366,143,2,0,'2023-12-20 20:33:00','2023-12-20 20:33:00'),(476,367,143,1,1,'2023-12-20 20:35:00','2023-12-20 20:35:00'),(477,363,143,2,2,'2023-12-20 20:43:00','2023-12-20 20:43:00'),(478,368,143,7,1,'2023-12-20 21:09:00','2023-12-20 21:09:00'),(479,280,146,1,1,'2023-12-27 19:22:00','2023-12-27 19:22:00'),(480,323,146,1,1,'2023-12-27 19:25:00','2023-12-27 19:25:00'),(482,325,146,1,1,'2023-12-27 19:27:00','2023-12-27 19:27:00'),(483,324,146,1,1,'2023-12-27 19:29:00','2023-12-27 19:29:00'),(484,335,146,1,1,'2023-12-27 19:32:00','2023-12-27 19:32:00'),(485,326,146,2,1,'2023-12-27 19:41:00','2023-12-27 19:41:00'),(486,272,146,1,1,'2023-12-27 19:46:00','2023-12-27 19:46:00'),(487,342,146,1,1,'2023-12-27 20:01:00','2023-12-27 20:01:00'),(488,369,146,4,1,'2023-12-27 20:06:00','2023-12-27 20:06:00'),(489,370,146,4,1,'2023-12-27 20:24:00','2023-12-27 20:24:00'),(490,371,146,1,1,'2023-12-27 20:35:00','2023-12-27 20:35:00'),(491,372,146,1,1,'2023-12-27 20:41:00','2023-12-27 20:41:00'),(492,331,146,4,0,'2023-12-27 21:06:00','2023-12-27 21:06:00'),(493,347,146,3,1,'2023-12-27 21:06:00','2023-12-27 21:06:00'),(494,353,146,3,1,'2023-12-27 21:16:00','2023-12-27 21:16:00'),(495,373,146,1,1,'2023-12-28 20:08:00','2023-12-28 20:08:00'),(496,296,146,1,0,'2023-12-28 20:08:00','2023-12-28 20:08:00'),(497,374,147,2,2,'2023-12-31 13:51:00','2023-12-31 13:51:00'),(498,301,147,1,1,'2023-12-31 13:58:00','2023-12-31 13:58:00'),(499,375,147,2,2,'2023-12-31 14:04:00','2023-12-31 14:04:00'),(500,376,147,1,1,'2023-12-31 14:06:00','2023-12-31 14:06:00'),(501,303,147,1,1,'2023-12-31 14:13:00','2023-12-31 14:13:00'),(502,310,147,1,1,'2023-12-31 14:13:00','2023-12-31 14:13:00'),(503,377,147,1,1,'2023-12-31 14:17:00','2023-12-31 14:17:00'),(504,378,147,1,1,'2023-12-31 14:20:00','2023-12-31 14:20:00'),(505,379,147,2,0,'2023-12-31 14:25:00','2023-12-31 14:25:00'),(506,380,147,1,1,'2023-12-31 14:28:00','2023-12-31 14:28:00'),(507,381,147,1,1,'2023-12-31 14:31:00','2023-12-31 14:31:00'),(508,382,147,6,1,'2023-12-31 14:45:00','2023-12-31 14:45:00'),(509,383,147,2,0,'2023-12-31 14:50:00','2023-12-31 14:50:00'),(510,384,147,1,1,'2023-12-31 15:00:00','2023-12-31 15:00:00'),(512,385,147,5,0,'2023-12-31 15:04:00','2023-12-31 15:04:00'),(513,386,147,2,0,'2023-12-31 15:11:00','2023-12-31 15:11:00'),(514,387,147,2,0,'2023-12-31 15:19:00','2023-12-31 15:19:00'),(515,388,147,2,1,'2023-12-31 15:33:00','2023-12-31 15:33:00'),(516,389,148,1,1,'2024-01-03 14:49:00','2024-01-03 14:49:00'),(517,390,148,1,1,'2024-01-03 14:50:00','2024-01-03 14:50:00'),(518,391,148,1,1,'2024-01-03 14:53:00','2024-01-03 14:53:00'),(520,392,148,1,1,'2024-01-03 14:56:00','2024-01-03 14:56:00'),(521,393,148,1,1,'2024-01-03 14:57:00','2024-01-03 14:57:00'),(523,394,148,1,0,'2024-01-03 15:01:00','2024-01-03 15:01:00'),(524,395,148,1,1,'2024-01-03 15:04:00','2024-01-03 15:04:00'),(525,396,148,2,1,'2024-01-03 15:10:00','2024-01-03 15:10:00'),(526,397,148,1,1,'2024-01-03 15:16:00','2024-01-03 15:16:00'),(527,398,148,7,0,'2024-01-03 15:26:00','2024-01-03 15:26:00'),(528,399,148,5,0,'2024-01-03 15:42:00','2024-01-03 15:42:00'),(529,400,148,1,1,'2024-01-03 15:46:00','2024-01-03 15:46:00'),(530,401,148,2,0,'2024-01-03 15:55:00','2024-01-03 15:55:00'),(531,402,149,1,1,'2024-01-04 17:25:00','2024-01-04 17:25:00'),(532,403,149,1,1,'2024-01-04 17:27:00','2024-01-04 17:27:00'),(533,404,149,1,1,'2024-01-04 17:30:00','2024-01-04 17:30:00'),(534,405,149,1,1,'2024-01-04 17:32:00','2024-01-04 17:32:00'),(535,406,149,1,1,'2024-01-04 17:37:00','2024-01-04 17:37:00'),(536,407,149,1,1,'2024-01-04 17:41:00','2024-01-04 17:41:00'),(537,408,149,1,1,'2024-01-04 17:49:00','2024-01-04 17:49:00'),(538,409,149,3,1,'2024-01-04 18:01:00','2024-01-04 18:01:00'),(539,410,149,1,1,'2024-01-04 18:10:00','2024-01-04 18:10:00'),(540,411,149,1,0,'2024-01-04 18:14:00','2024-01-04 18:14:00'),(541,412,149,1,1,'2024-01-04 18:14:00','2024-01-04 18:14:00'),(542,413,149,2,0,'2024-01-04 18:22:00','2024-01-04 18:22:00'),(543,414,149,1,0,'2024-01-04 18:24:00','2024-01-04 18:24:00'),(544,415,149,4,0,'2024-01-04 18:39:00','2024-01-04 18:39:00'),(545,416,149,1,0,'2024-01-04 18:48:00','2024-01-04 18:48:00'),(546,280,150,1,1,'2024-01-09 19:30:00','2024-01-09 19:30:00'),(547,282,150,1,1,'2024-01-09 19:32:00','2024-01-09 19:32:00'),(548,281,150,1,1,'2024-01-09 19:34:00','2024-01-09 19:34:00'),(549,327,150,1,1,'2024-01-09 19:37:00','2024-01-09 19:37:00'),(550,417,150,2,1,'2024-01-09 19:41:00','2024-01-09 19:41:00'),(551,418,150,1,0,'2024-01-09 19:45:00','2024-01-09 19:45:00'),(552,369,150,1,1,'2024-01-09 19:51:00','2024-01-09 19:51:00'),(553,349,150,1,1,'2024-01-09 19:55:00','2024-01-09 19:55:00'),(554,345,150,3,1,'2024-01-09 20:01:00','2024-01-09 20:01:00'),(555,393,150,1,1,'2024-01-09 20:12:00','2024-01-09 20:12:00'),(556,394,150,2,1,'2024-01-09 20:19:00','2024-01-09 20:19:00'),(557,419,150,1,1,'2024-01-09 20:22:00','2024-01-09 20:22:00'),(558,420,150,2,0,'2024-01-09 20:26:00','2024-01-09 20:26:00'),(559,421,150,1,1,'2024-01-09 20:41:00','2024-01-09 20:41:00'),(560,371,150,1,1,'2024-01-09 20:42:00','2024-01-09 20:42:00'),(561,399,150,2,0,'2024-01-09 20:42:00','2024-01-09 20:42:00'),(562,335,150,1,1,'2024-01-09 20:56:00','2024-01-09 20:56:00'),(563,353,150,1,1,'2024-01-09 20:59:00','2024-01-09 20:59:00'),(564,422,151,1,1,'2024-01-13 18:49:00','2024-01-13 18:49:00'),(565,350,151,1,1,'2024-01-13 18:52:00','2024-01-13 18:52:00'),(566,421,151,1,1,'2024-01-13 18:58:00','2024-01-13 18:58:00'),(567,423,151,1,1,'2024-01-13 19:00:00','2024-01-13 19:00:00'),(568,424,151,1,1,'2024-01-13 19:02:00','2024-01-13 19:02:00'),(569,425,151,1,1,'2024-01-13 19:05:00','2024-01-13 19:05:00'),(570,397,151,1,1,'2024-01-13 19:08:00','2024-01-13 19:08:00'),(571,348,151,1,1,'2024-01-13 19:15:00','2024-01-13 19:15:00'),(572,426,151,1,1,'2024-01-13 19:19:00','2024-01-13 19:19:00'),(573,427,151,2,1,'2024-01-13 19:30:00','2024-01-13 19:30:00'),(574,428,151,2,1,'2024-01-13 19:42:00','2024-01-13 19:42:00'),(575,418,151,5,1,'2024-01-13 19:54:00','2024-01-13 19:54:00'),(576,429,151,1,0,'2024-01-13 20:04:00','2024-01-13 20:04:00'),(577,430,151,2,0,'2024-01-13 20:09:00','2024-01-13 20:09:00'),(578,431,151,1,0,'2024-01-13 20:12:00','2024-01-13 20:12:00'),(579,432,151,1,1,'2024-01-13 20:14:00','2024-01-13 20:14:00'),(580,433,151,2,1,'2024-01-13 20:19:00','2024-01-13 20:19:00'),(581,434,151,1,0,'2024-01-13 20:22:00','2024-01-13 20:22:00'),(582,435,151,2,0,'2024-01-13 20:27:00','2024-01-13 20:27:00'),(583,432,152,1,1,'2024-01-16 18:04:00','2024-01-16 18:04:00'),(584,436,152,1,1,'2024-01-16 18:09:00','2024-01-16 18:09:00'),(585,337,152,1,1,'2024-01-16 18:14:00','2024-01-16 18:14:00'),(587,437,152,1,1,'2024-01-16 18:18:00','2024-01-16 18:18:00'),(588,438,152,2,2,'2024-01-16 18:21:00','2024-01-16 18:21:00'),(589,429,152,2,1,'2024-01-16 18:31:00','2024-01-16 18:31:00'),(590,389,152,2,2,'2024-01-16 18:38:00','2024-01-16 18:38:00'),(591,372,152,1,1,'2024-01-16 18:45:00','2024-01-16 18:45:00'),(592,370,152,3,0,'2024-01-16 18:55:00','2024-01-16 18:55:00'),(593,349,152,1,1,'2024-01-16 18:59:00','2024-01-16 18:59:00'),(594,439,152,5,0,'2024-01-16 19:07:00','2024-01-16 19:07:00'),(595,440,153,1,1,'2024-01-23 20:24:00','2024-01-23 20:24:00'),(596,441,153,1,1,'2024-01-23 20:27:00','2024-01-23 20:27:00'),(597,426,153,1,1,'2024-01-23 20:31:00','2024-01-23 20:31:00'),(598,442,153,1,1,'2024-01-23 20:35:00','2024-01-23 20:35:00'),(599,417,153,1,1,'2024-01-23 20:37:00','2024-01-23 20:37:00'),(600,443,153,2,1,'2024-01-23 20:42:00','2024-01-23 20:42:00'),(601,444,153,1,1,'2024-01-23 20:46:00','2024-01-23 20:46:00'),(602,445,153,1,1,'2024-01-23 20:52:00','2024-01-23 20:52:00'),(603,446,153,1,1,'2024-01-23 20:56:00','2024-01-23 20:56:00'),(604,447,153,1,1,'2024-01-23 21:02:00','2024-01-23 21:02:00'),(605,448,153,1,1,'2024-01-23 21:07:00','2024-01-23 21:07:00'),(606,449,153,1,0,'2024-01-23 21:16:00','2024-01-23 21:16:00'),(607,450,153,2,1,'2024-01-23 21:20:00','2024-01-23 21:20:00'),(608,451,153,2,0,'2024-01-23 21:23:00','2024-01-23 21:23:00'),(609,389,153,1,1,'2024-01-23 21:37:00','2024-01-23 21:37:00'),(610,452,153,3,0,'2024-01-23 21:42:00','2024-01-23 21:42:00'),(611,453,154,1,1,'2024-01-25 19:25:00','2024-01-25 19:25:00'),(612,444,154,1,1,'2024-01-25 19:29:00','2024-01-25 19:29:00'),(613,454,154,1,1,'2024-01-25 19:32:00','2024-01-25 19:32:00'),(614,455,154,1,1,'2024-01-25 19:38:00','2024-01-25 19:38:00'),(615,456,154,1,1,'2024-01-25 19:43:00','2024-01-25 19:43:00'),(616,457,154,1,0,'2024-01-25 20:01:00','2024-01-25 20:01:00'),(617,400,154,1,1,'2024-01-25 20:06:00','2024-01-25 20:06:00'),(618,433,154,1,0,'2024-01-25 20:15:00','2024-01-25 20:15:00'),(619,432,154,1,1,'2024-01-25 20:21:00','2024-01-25 20:21:00'),(620,430,154,1,0,'2024-01-25 20:25:00','2024-01-25 20:25:00'),(621,454,154,1,1,'2024-01-25 20:37:00','2024-01-25 20:37:00'),(622,458,155,1,1,'2024-01-27 15:39:00','2024-01-27 15:39:00'),(623,459,155,1,1,'2024-01-27 15:43:00','2024-01-27 15:43:00'),(624,460,155,1,1,'2024-01-27 15:48:00','2024-01-27 15:48:00'),(625,461,155,1,1,'2024-01-27 15:54:00','2024-01-27 15:54:00'),(626,463,155,1,1,'2024-01-27 16:03:00','2024-01-27 16:03:00'),(627,462,155,1,1,'2024-01-27 16:04:00','2024-01-27 16:04:00'),(628,464,155,1,0,'2024-01-27 16:09:00','2024-01-27 16:09:00'),(629,465,155,2,0,'2024-01-27 16:11:00','2024-01-27 16:11:00'),(630,466,155,1,1,'2024-01-27 16:23:00','2024-01-27 16:23:00'),(631,467,155,1,1,'2024-01-27 16:23:00','2024-01-27 16:23:00'),(632,468,155,1,1,'2024-01-27 16:38:00','2024-01-27 16:38:00'),(633,469,155,2,0,'2024-01-27 16:53:00','2024-01-27 16:53:00'),(634,470,155,1,0,'2024-01-27 16:54:00','2024-01-27 16:54:00'),(635,471,155,1,1,'2024-01-27 16:57:00','2024-01-27 16:57:00'),(636,472,155,2,0,'2024-01-27 17:04:00','2024-01-27 17:04:00'),(637,474,155,1,0,'2024-01-27 17:12:00','2024-01-27 17:12:00'),(638,475,155,1,1,'2024-01-27 17:12:00','2024-01-27 17:12:00'),(639,476,155,1,1,'2024-01-27 17:18:00','2024-01-27 17:18:00'),(640,477,155,2,0,'2024-01-27 17:46:00','2024-01-27 17:46:00'),(641,478,155,1,1,'2024-01-27 17:46:00','2024-01-27 17:46:00'),(642,453,156,1,1,'2024-02-02 19:50:00','2024-02-02 19:50:00'),(643,479,156,1,1,'2024-02-02 19:53:00','2024-02-02 19:53:00'),(644,480,156,1,1,'2024-02-02 19:58:00','2024-02-02 19:58:00'),(645,481,156,1,1,'2024-02-02 20:04:00','2024-02-02 20:04:00'),(646,482,156,1,1,'2024-02-02 20:07:00','2024-02-02 20:07:00'),(647,483,156,1,1,'2024-02-02 20:15:00','2024-02-02 20:15:00'),(648,484,156,2,0,'2024-02-02 20:19:00','2024-02-02 20:19:00'),(649,485,156,2,0,'2024-02-02 20:24:00','2024-02-02 20:24:00'),(650,486,156,1,1,'2024-02-02 20:31:00','2024-02-02 20:31:00'),(651,487,156,2,0,'2024-02-02 20:51:00','2024-02-02 20:51:00'),(652,488,156,2,0,'2024-02-02 20:51:00','2024-02-02 20:51:00'),(653,453,157,1,1,'2024-02-13 19:58:00','2024-02-13 19:58:00'),(654,444,157,1,1,'2024-02-13 20:00:00','2024-02-13 20:00:00'),(655,446,157,1,1,'2024-02-13 20:04:00','2024-02-13 20:04:00'),(656,445,157,1,1,'2024-02-13 20:06:00','2024-02-13 20:06:00'),(657,489,157,1,1,'2024-02-13 20:10:00','2024-02-13 20:10:00'),(658,490,157,1,1,'2024-02-13 20:15:00','2024-02-13 20:15:00'),(659,491,157,1,1,'2024-02-13 20:22:00','2024-02-13 20:22:00'),(660,492,157,3,0,'2024-02-13 20:36:00','2024-02-13 20:36:00'),(661,480,157,1,1,'2024-02-13 20:40:00','2024-02-13 20:40:00'),(662,450,157,2,0,'2024-02-13 20:48:00','2024-02-13 20:48:00'),(663,482,157,1,1,'2024-02-13 20:53:00','2024-02-13 20:53:00'),(664,493,157,4,0,'2024-02-13 21:22:00','2024-02-13 21:22:00'),(665,494,157,1,1,'2024-02-13 21:23:00','2024-02-13 21:23:00'),(666,436,157,1,1,'2024-02-13 21:23:00','2024-02-13 21:23:00'),(667,495,158,1,1,'2024-02-16 19:59:00','2024-02-16 19:59:00'),(668,496,158,1,1,'2024-02-16 20:02:00','2024-02-16 20:02:00'),(669,497,158,1,1,'2024-02-16 20:04:00','2024-02-16 20:04:00'),(670,498,158,1,1,'2024-02-16 20:08:00','2024-02-16 20:08:00'),(671,499,158,1,1,'2024-02-16 20:12:00','2024-02-16 20:12:00'),(672,500,158,1,1,'2024-02-16 20:16:00','2024-02-16 20:16:00'),(673,501,158,1,1,'2024-02-16 20:19:00','2024-02-16 20:19:00'),(674,502,158,1,1,'2024-02-16 20:25:00','2024-02-16 20:25:00'),(675,503,158,1,1,'2024-02-16 20:31:00','2024-02-16 20:31:00'),(676,504,158,1,0,'2024-02-16 20:36:00','2024-02-16 20:36:00'),(677,505,158,1,1,'2024-02-16 20:42:00','2024-02-16 20:42:00'),(678,506,158,7,1,'2024-02-16 20:47:00','2024-02-16 20:47:00'),(679,464,158,1,1,'2024-02-16 21:36:00','2024-02-16 21:36:00'),(680,472,158,2,0,'2024-02-16 21:36:00','2024-02-16 21:36:00'),(681,471,158,1,0,'2024-02-16 21:37:00','2024-02-16 21:37:00'),(682,518,159,1,1,'2024-02-21 23:10:00','2024-02-21 23:10:00'),(683,478,159,1,1,'2024-02-21 23:11:00','2024-02-21 23:11:00'),(684,516,159,1,1,'2024-02-21 23:11:00','2024-02-21 23:11:00'),(685,512,159,1,1,'2024-02-21 23:12:00','2024-02-21 23:12:00'),(686,513,159,1,1,'2024-02-21 23:12:00','2024-02-21 23:12:00'),(687,511,159,2,1,'2024-02-21 23:12:00','2024-02-21 23:12:00'),(688,504,159,1,0,'2024-02-21 23:12:00','2024-02-21 23:12:00'),(689,509,159,2,0,'2024-02-21 23:13:00','2024-02-21 23:13:00'),(690,510,159,1,0,'2024-02-21 23:13:00','2024-02-21 23:13:00'),(691,508,159,2,1,'2024-02-21 23:13:00','2024-02-21 23:13:00'),(692,470,159,3,1,'2024-02-21 23:13:00','2024-02-21 23:13:00'),(693,469,159,1,0,'2024-02-21 23:14:00','2024-02-21 23:14:00'),(694,507,159,2,0,'2024-02-21 23:14:00','2024-02-21 23:14:00'),(695,472,159,2,0,'2024-02-21 23:14:00','2024-02-21 23:14:00'),(696,465,159,1,0,'2024-02-21 23:14:00','2024-02-21 23:14:00'),(697,477,159,2,1,'2024-02-21 23:14:00','2024-02-21 23:14:00'),(698,514,159,1,1,'2024-02-21 23:15:00','2024-02-21 23:15:00'),(699,515,159,1,1,'2024-02-21 23:15:00','2024-02-21 23:15:00'),(700,519,160,1,1,'2024-02-22 20:12:00','2024-02-22 20:12:00'),(701,520,160,1,1,'2024-02-22 20:14:00','2024-02-22 20:14:00'),(702,521,160,1,1,'2024-02-22 20:17:00','2024-02-22 20:17:00'),(703,522,160,1,1,'2024-02-22 20:21:00','2024-02-22 20:21:00'),(704,523,160,1,1,'2024-02-22 20:27:00','2024-02-22 20:27:00'),(705,524,160,5,0,'2024-02-22 20:52:00','2024-02-22 20:52:00'),(706,517,160,3,0,'2024-02-22 21:06:00','2024-02-22 21:06:00'),(707,525,160,3,0,'2024-02-22 21:22:00','2024-02-22 21:22:00'),(708,526,160,4,0,'2024-02-22 21:35:00','2024-02-22 21:35:00'),(709,504,160,4,0,'2024-02-22 21:45:00','2024-02-22 21:45:00'),(710,502,160,1,1,'2024-02-22 21:49:00','2024-02-22 21:49:00'),(711,527,161,1,1,'2024-02-25 15:37:00','2024-02-25 15:37:00'),(712,528,161,1,1,'2024-02-25 15:37:00','2024-02-25 15:37:00'),(713,529,161,1,1,'2024-02-25 15:45:00','2024-02-25 15:45:00'),(714,489,161,1,1,'2024-02-25 15:45:00','2024-02-25 15:45:00'),(715,530,161,1,1,'2024-02-25 15:47:00','2024-02-25 15:47:00'),(716,491,161,1,1,'2024-02-25 15:52:00','2024-02-25 15:52:00'),(717,531,161,1,1,'2024-02-25 16:00:00','2024-02-25 16:00:00'),(718,532,161,3,0,'2024-02-25 16:08:00','2024-02-25 16:08:00'),(719,533,161,1,0,'2024-02-25 16:17:00','2024-02-25 16:17:00'),(720,535,161,1,1,'2024-02-25 16:39:00','2024-02-25 16:39:00'),(721,536,161,2,1,'2024-02-25 16:40:00','2024-02-25 16:40:00'),(722,534,161,1,1,'2024-02-25 16:40:00','2024-02-25 16:40:00'),(723,537,161,5,1,'2024-02-25 16:59:00','2024-02-25 16:59:00'),(724,538,161,1,1,'2024-02-25 17:00:00','2024-02-25 17:00:00'),(725,539,161,1,1,'2024-02-25 17:00:00','2024-02-25 17:00:00'),(726,540,161,4,1,'2024-02-25 17:11:00','2024-02-25 17:11:00'),(727,541,161,1,1,'2024-02-25 17:24:00','2024-02-25 17:24:00'),(728,542,162,1,1,'2024-02-29 19:36:00','2024-02-29 19:36:00'),(729,543,162,1,1,'2024-02-29 19:40:00','2024-02-29 19:40:00'),(730,544,162,1,1,'2024-02-29 19:42:00','2024-02-29 19:42:00'),(731,545,162,1,1,'2024-02-29 19:45:00','2024-02-29 19:45:00'),(732,546,162,1,1,'2024-02-29 19:47:00','2024-02-29 19:47:00'),(733,547,162,1,1,'2024-02-29 19:52:00','2024-02-29 19:52:00'),(734,534,162,2,2,'2024-02-29 19:55:00','2024-02-29 19:55:00'),(735,548,162,1,1,'2024-02-29 20:02:00','2024-02-29 20:02:00'),(736,549,162,1,0,'2024-02-29 20:08:00','2024-02-29 20:08:00'),(737,550,162,3,1,'2024-02-29 20:14:00','2024-02-29 20:14:00'),(738,551,162,1,1,'2024-02-29 20:23:00','2024-02-29 20:23:00'),(739,552,162,3,0,'2024-02-29 20:27:00','2024-02-29 20:27:00'),(740,533,162,1,0,'2024-02-29 20:31:00','2024-02-29 20:31:00'),(741,553,162,1,1,'2024-02-29 20:36:00','2024-02-29 20:36:00'),(742,554,162,2,0,'2024-02-29 20:45:00','2024-02-29 20:45:00'),(743,555,162,1,1,'2024-02-29 20:52:00','2024-02-29 20:52:00'),(744,556,162,2,0,'2024-02-29 21:00:00','2024-02-29 21:00:00'),(745,557,163,1,1,'2024-03-02 10:36:00','2024-03-02 10:36:00'),(746,558,163,1,1,'2024-03-02 10:39:00','2024-03-02 10:39:00'),(747,559,163,1,1,'2024-03-02 10:41:00','2024-03-02 10:41:00'),(748,561,163,1,1,'2024-03-02 10:46:00','2024-03-02 10:46:00'),(749,562,163,1,1,'2024-03-02 10:51:00','2024-03-02 10:51:00'),(750,563,163,1,1,'2024-03-02 10:54:00','2024-03-02 10:54:00'),(751,564,163,2,0,'2024-03-02 11:06:00','2024-03-02 11:06:00'),(752,565,163,1,1,'2024-03-02 11:12:00','2024-03-02 11:12:00'),(753,566,163,1,0,'2024-03-02 11:16:00','2024-03-02 11:16:00'),(754,567,163,1,0,'2024-03-02 11:35:00','2024-03-02 11:35:00'),(755,568,163,1,1,'2024-03-02 11:48:00','2024-03-02 11:48:00'),(756,569,163,3,1,'2024-03-02 11:58:00','2024-03-02 11:58:00'),(757,570,163,3,1,'2024-03-02 12:07:00','2024-03-02 12:07:00'),(758,571,163,3,0,'2024-03-02 12:15:00','2024-03-02 12:15:00'),(759,572,163,1,1,'2024-03-02 12:24:00','2024-03-02 12:24:00'),(760,573,163,1,1,'2024-03-02 12:27:00','2024-03-02 12:27:00'),(761,574,164,1,1,'2024-03-06 19:55:00','2024-03-06 19:55:00'),(762,575,164,1,1,'2024-03-06 19:59:00','2024-03-06 19:59:00'),(763,551,164,2,2,'2024-03-06 20:01:00','2024-03-06 20:01:00'),(764,576,164,1,1,'2024-03-06 20:08:00','2024-03-06 20:08:00'),(765,538,164,1,1,'2024-03-06 20:10:00','2024-03-06 20:10:00'),(766,577,164,1,1,'2024-03-06 20:13:00','2024-03-06 20:13:00'),(767,578,164,1,1,'2024-03-06 20:17:00','2024-03-06 20:17:00'),(768,579,164,1,1,'2024-03-06 20:19:00','2024-03-06 20:19:00'),(769,580,164,1,1,'2024-03-06 20:21:00','2024-03-06 20:21:00'),(770,581,164,2,0,'2024-03-06 20:29:00','2024-03-06 20:29:00'),(771,582,164,1,1,'2024-03-06 20:31:00','2024-03-06 20:31:00'),(772,583,164,1,1,'2024-03-06 20:37:00','2024-03-06 20:37:00'),(773,584,164,2,0,'2024-03-06 20:45:00','2024-03-06 20:45:00'),(774,556,164,1,0,'2024-03-06 20:49:00','2024-03-06 20:49:00'),(775,488,164,1,0,'2024-03-06 20:55:00','2024-03-06 20:55:00'),(776,493,164,2,0,'2024-03-06 21:04:00','2024-03-06 21:04:00'),(777,585,164,2,0,'2024-03-06 21:08:00','2024-03-06 21:08:00'),(778,586,165,1,1,'2024-03-10 12:53:00','2024-03-10 12:53:00'),(779,587,165,1,1,'2024-03-10 12:55:00','2024-03-10 12:55:00'),(780,588,165,1,1,'2024-03-10 12:58:00','2024-03-10 12:58:00'),(781,589,165,1,1,'2024-03-10 13:03:00','2024-03-10 13:03:00'),(782,590,165,1,1,'2024-03-10 13:08:00','2024-03-10 13:08:00'),(783,591,165,1,1,'2024-03-10 13:09:00','2024-03-10 13:09:00'),(784,592,165,1,1,'2024-03-10 13:14:00','2024-03-10 13:14:00'),(785,593,165,2,1,'2024-03-10 13:19:00','2024-03-10 13:19:00'),(786,594,165,1,1,'2024-03-10 13:25:00','2024-03-10 13:25:00'),(787,595,165,2,1,'2024-03-10 13:33:00','2024-03-10 13:33:00'),(788,512,165,1,1,'2024-03-10 13:41:00','2024-03-10 13:41:00'),(789,510,165,5,1,'2024-03-10 13:57:00','2024-03-10 13:57:00'),(790,526,165,7,1,'2024-03-10 14:18:00','2024-03-10 14:18:00'),(791,544,166,1,1,'2024-03-13 19:58:00','2024-03-13 19:58:00'),(792,534,166,1,1,'2024-03-13 20:02:00','2024-03-13 20:02:00'),(793,596,166,1,1,'2024-03-13 20:04:00','2024-03-13 20:04:00'),(794,597,166,1,1,'2024-03-13 20:06:00','2024-03-13 20:06:00'),(795,598,166,1,1,'2024-03-13 20:09:00','2024-03-13 20:09:00'),(796,599,166,1,1,'2024-03-13 20:13:00','2024-03-13 20:13:00'),(797,493,166,6,0,'2024-03-13 20:26:00','2024-03-13 20:26:00'),(798,585,166,1,1,'2024-03-13 20:26:00','2024-03-13 20:26:00'),(799,580,166,1,1,'2024-03-13 20:32:00','2024-03-13 20:32:00'),(800,581,166,2,0,'2024-03-13 20:47:00','2024-03-13 20:47:00'),(801,600,166,2,0,'2024-03-13 20:47:00','2024-03-13 20:47:00'),(802,601,166,3,1,'2024-03-13 20:55:00','2024-03-13 20:55:00'),(803,602,166,1,1,'2024-03-13 21:02:00','2024-03-13 21:02:00');
/*!40000 ALTER TABLE `climbs` ENABLE KEYS */;
UNLOCK TABLES;

--
-- Table structure for table `gyms`
--

DROP TABLE IF EXISTS `gyms`;
/*!40101 SET @saved_cs_client     = @@character_set_client */;
/*!50503 SET character_set_client = utf8mb4 */;
CREATE TABLE `gyms` (
  `id` int NOT NULL AUTO_INCREMENT,
  `name` varchar(45) NOT NULL,
  `address` varchar(45) NOT NULL,
  `city` varchar(45) NOT NULL,
  PRIMARY KEY (`id`),
  UNIQUE KEY `id_UNIQUE` (`id`)
) ENGINE=InnoDB AUTO_INCREMENT=39 DEFAULT CHARSET=utf8mb4 COLLATE=utf8mb4_0900_ai_ci;
/*!40101 SET character_set_client = @saved_cs_client */;

--
-- Dumping data for table `gyms`
--

LOCK TABLES `gyms` WRITE;
/*!40000 ALTER TABLE `gyms` DISABLE KEYS */;
INSERT INTO `gyms` VALUES (1,'The Hive Bouldering Gym','520 Industrial Ave, Vancouver, BC, V6A 2P3','Vancouver'),(2,'The Hive Surrey Climbing and Fitness','101 – B   11125 124 Street, Surrey, BC, V3V 4','Surrey'),(3,'The Hive PoCo','Unit 145, 815 Village Drive, Port Coquitlam, ','Port Coquitlam'),(4,'The Hive North Shore Climbing and Fitness','140 – 2270 Dollarton Hwy, North Vancouver, BC','North Vancouver'),(27,'Test Gym','TEST address','TEST city'),(36,'Richmond Olympic Oval','6111 River Rd, Richmond, BC V7C 0A2','Richmond');
/*!40000 ALTER TABLE `gyms` ENABLE KEYS */;
UNLOCK TABLES;

--
-- Table structure for table `journals`
--

DROP TABLE IF EXISTS `journals`;
/*!40101 SET @saved_cs_client     = @@character_set_client */;
/*!50503 SET character_set_client = utf8mb4 */;
CREATE TABLE `journals` (
  `id` int NOT NULL AUTO_INCREMENT,
  `rating` int DEFAULT NULL,
  `grateful1` varchar(255) DEFAULT NULL,
  `grateful2` varchar(255) DEFAULT NULL,
  `grateful3` varchar(255) DEFAULT NULL,
  `todayGreat1` varchar(255) DEFAULT NULL,
  `todayGreat2` varchar(255) DEFAULT NULL,
  `todayGreat3` varchar(255) DEFAULT NULL,
  `affirmations1` varchar(255) DEFAULT NULL,
  `affirmations2` varchar(255) DEFAULT NULL,
  `amazing1` varchar(255) DEFAULT NULL,
  `amazing2` varchar(255) DEFAULT NULL,
  `amazing3` varchar(255) DEFAULT NULL,
  `better1` varchar(255) DEFAULT NULL,
  `better2` varchar(255) DEFAULT NULL,
  `date` date DEFAULT NULL,
  PRIMARY KEY (`id`),
  UNIQUE KEY `id_UNIQUE` (`id`),
  UNIQUE KEY `date_UNIQUE` (`date`)
) ENGINE=InnoDB AUTO_INCREMENT=33 DEFAULT CHARSET=utf8mb4 COLLATE=utf8mb4_0900_ai_ci;
/*!40101 SET character_set_client = @saved_cs_client */;

--
-- Dumping data for table `journals`
--

LOCK TABLES `journals` WRITE;
/*!40000 ALTER TABLE `journals` DISABLE KEYS */;
INSERT INTO `journals` VALUES (14,3,'a','a','a','aa','a','a','a','a','aa','a','a','a','a','2023-10-01'),(15,1,'a','a','a','a','a','a','a','a','a','a','a','a','a','2023-10-02'),(16,4,'we','a','a','a','a','a','a','a','a','a','aa','a','a','2023-10-04'),(17,4,'a','a','a','a','a','a','a','a','a','a','aa','a','a','2023-10-12'),(18,8,'a','a','a','a','a','a','a','a','a','a','a','a','a','2023-10-16'),(19,7,'a','a','a','a','a','','a','a','a','a','a','a','','2023-09-03'),(20,5,'a','a','a','a','a','a','a','a','a','a','a','a','a','2023-09-13'),(21,5,'a','a','a','','a','','','','','a','','','a','2023-09-28'),(22,10,'a','','','a','a','a','a','a','a','','','a','','2023-09-16'),(24,9,'Finishing this project','Having wonderful friends','','Submitting this project!','Eating delicious food','','Proud of finishing this project','happy','Finishing the project','Finding a new study space in the IKB','T1 won worlds','Going to bed earlier to get more sleep ...','','2023-11-19'),(26,0,'s','','','','','','','','','','','','','2023-11-13'),(27,0,'r','','','','','','','','','','','','','2023-11-11'),(28,0,'','','','','','','','','','a','','','','2023-11-02'),(29,0,'a','','','','','','','','','','','','','2023-10-31');
/*!40000 ALTER TABLE `journals` ENABLE KEYS */;
UNLOCK TABLES;

--
-- Table structure for table `locations`
--

DROP TABLE IF EXISTS `locations`;
/*!40101 SET @saved_cs_client     = @@character_set_client */;
/*!50503 SET character_set_client = utf8mb4 */;
CREATE TABLE `locations` (
  `id` int NOT NULL AUTO_INCREMENT,
  `gymId` int NOT NULL,
  `name` varchar(45) NOT NULL,
  PRIMARY KEY (`id`),
  KEY `gymId_idx` (`gymId`),
  CONSTRAINT `gymId` FOREIGN KEY (`gymId`) REFERENCES `gyms` (`id`)
) ENGINE=InnoDB AUTO_INCREMENT=65 DEFAULT CHARSET=utf8mb4 COLLATE=utf8mb4_0900_ai_ci;
/*!40101 SET character_set_client = @saved_cs_client */;

--
-- Dumping data for table `locations`
--

LOCK TABLES `locations` WRITE;
/*!40000 ALTER TABLE `locations` DISABLE KEYS */;
INSERT INTO `locations` VALUES (13,4,'The Heights'),(14,4,'The Cave'),(15,4,'The Flat Face'),(16,4,'The Chute'),(17,4,'The Slab Wall'),(18,4,'The Round-House'),(19,4,'The Mini-Cave'),(20,4,'The Back Wall'),(26,2,'The Entrance'),(27,27,'TEST LOCATION'),(28,2,'The Traverse'),(29,2,'The Left Ship'),(30,2,'The Right Ship'),(31,2,'The Slab Wall'),(32,2,'The Slab Wall II'),(33,2,'The Overhang'),(34,2,'The Back Wall'),(35,2,'The Beginning'),(36,2,'The Cave'),(37,2,'The Front Face'),(38,2,'The Mini-Cave'),(39,2,'The Side Face'),(40,2,'The Corner'),(41,2,'The Education Wall'),(42,27,'aa'),(46,3,'The Slab Wall'),(47,3,'The Bump'),(48,3,'The Steep'),(49,3,'The Entrance'),(50,3,'The Cave'),(51,3,'The Mini-Slab Wall'),(52,3,'The Short'),(53,3,'The Pitch'),(54,3,'The Cozy Corner'),(55,3,'The Traverse'),(56,3,'The Incline'),(57,3,'The Back Corner'),(58,3,'The Autobelay'),(59,1,'test'),(64,1,'testLocation');
/*!40000 ALTER TABLE `locations` ENABLE KEYS */;
UNLOCK TABLES;

--
-- Table structure for table `sessions`
--

DROP TABLE IF EXISTS `sessions`;
/*!40101 SET @saved_cs_client     = @@character_set_client */;
/*!50503 SET character_set_client = utf8mb4 */;
CREATE TABLE `sessions` (
  `id` int NOT NULL AUTO_INCREMENT,
  `gymId` int NOT NULL,
  `userId` int NOT NULL,
  `sessionStartTime` datetime NOT NULL,
  `sessionEndTime` datetime DEFAULT NULL,
  PRIMARY KEY (`id`),
  UNIQUE KEY `id_UNIQUE` (`id`),
  KEY `sessionGymId_idx` (`gymId`),
  KEY `userId_idx` (`userId`),
  CONSTRAINT `sessionGymId` FOREIGN KEY (`gymId`) REFERENCES `gyms` (`id`),
  CONSTRAINT `userId` FOREIGN KEY (`userId`) REFERENCES `users` (`id`)
) ENGINE=InnoDB AUTO_INCREMENT=167 DEFAULT CHARSET=utf8mb4 COLLATE=utf8mb4_0900_ai_ci;
/*!40101 SET character_set_client = @saved_cs_client */;

--
-- Dumping data for table `sessions`
--

LOCK TABLES `sessions` WRITE;
/*!40000 ALTER TABLE `sessions` DISABLE KEYS */;
INSERT INTO `sessions` VALUES (11,4,1,'2023-10-07 12:15:00','2023-10-07 14:15:00'),(43,2,1,'2023-10-13 19:40:00','2023-10-13 21:45:00'),(47,3,1,'2023-10-15 15:15:00','2023-10-15 17:45:00'),(70,2,1,'2023-10-17 19:49:00','2023-10-17 21:32:00'),(72,3,1,'2023-10-21 17:00:00','2023-10-21 18:48:00'),(79,2,1,'2023-10-25 19:27:00','2023-10-25 20:49:00'),(83,4,1,'2023-10-29 12:28:00','2023-10-29 14:02:00'),(87,2,1,'2023-11-02 19:42:00','2023-11-02 21:45:00'),(88,3,1,'2023-11-05 14:43:00','2023-11-05 16:25:00'),(89,2,1,'2023-11-08 19:36:00','2023-11-08 21:18:00'),(90,2,1,'2023-11-10 19:29:00','2023-11-10 21:11:00'),(125,2,1,'2023-11-13 13:35:00','2023-11-13 15:05:00'),(132,3,1,'2023-11-24 19:30:00','2023-11-24 21:15:00'),(133,4,1,'2023-11-21 19:35:00','2023-11-21 21:30:00'),(135,1,1,'2023-11-26 13:07:00','2023-11-26 14:37:00'),(136,2,1,'2023-11-29 19:19:00','2023-11-29 21:13:00'),(137,2,1,'2023-12-02 14:16:00','2023-12-02 15:38:00'),(138,2,1,'2023-12-05 19:37:00','2023-12-05 21:13:00'),(139,3,1,'2023-12-08 19:35:00','2023-12-08 21:27:00'),(140,2,1,'2023-12-10 14:47:00','2023-12-10 16:45:00'),(141,2,1,'2023-12-15 19:52:00','2023-12-15 21:45:00'),(142,2,1,'2023-12-18 19:46:00','2023-12-18 21:39:00'),(143,4,1,'2023-12-20 19:40:00','2023-12-20 21:09:00'),(144,36,1,'2023-12-22 14:02:00','2023-12-22 16:00:00'),(145,36,1,'2023-12-22 19:00:00','2023-12-22 22:00:00'),(146,2,1,'2023-12-27 19:21:00','2023-12-27 21:32:00'),(147,3,1,'2023-12-31 13:51:00','2023-12-31 15:34:00'),(148,2,1,'2024-01-03 14:48:00','2024-01-03 16:02:00'),(149,4,1,'2024-01-05 01:23:00','2024-01-05 02:50:50'),(150,2,1,'2024-01-09 19:28:00','2024-01-09 21:03:00'),(151,2,1,'2024-01-13 18:47:00','2024-01-13 20:27:00'),(152,2,1,'2024-01-16 18:04:00','2024-01-16 19:28:00'),(153,2,1,'2024-01-23 20:22:00','2024-01-23 21:47:00'),(154,2,1,'2024-01-25 19:22:00','2024-01-25 20:37:00'),(155,3,1,'2024-01-27 23:38:00','2024-01-28 01:35:22'),(156,2,1,'2024-02-02 19:47:00','2024-02-02 21:11:00'),(157,2,1,'2024-02-13 19:56:00','2024-02-13 21:24:00'),(158,3,1,'2024-02-16 19:59:00','2024-02-16 22:00:00'),(159,3,1,'2024-02-19 18:45:00','2024-02-19 21:00:00'),(160,3,1,'2024-02-22 20:08:00','2024-02-22 21:58:00'),(161,2,1,'2024-02-25 15:31:00','2024-02-25 17:33:00'),(162,2,1,'2024-02-29 19:36:00','2024-02-29 21:00:00'),(163,4,1,'2024-03-02 10:36:00','2024-03-02 12:27:00'),(164,2,1,'2024-03-06 19:52:00','2024-03-06 21:08:00'),(165,3,1,'2024-03-10 12:51:00','2024-03-10 14:18:00'),(166,2,1,'2024-03-13 19:52:00','2024-03-13 21:05:00');
/*!40000 ALTER TABLE `sessions` ENABLE KEYS */;
UNLOCK TABLES;

--
-- Table structure for table `users`
--

DROP TABLE IF EXISTS `users`;
/*!40101 SET @saved_cs_client     = @@character_set_client */;
/*!50503 SET character_set_client = utf8mb4 */;
CREATE TABLE `users` (
  `id` int NOT NULL AUTO_INCREMENT,
  `username` varchar(45) NOT NULL,
  `password` varchar(45) NOT NULL,
  `firstName` varchar(45) NOT NULL,
  `lastName` varchar(45) NOT NULL,
  `email` varchar(45) NOT NULL,
  `APIKey` varchar(32) NOT NULL,
  PRIMARY KEY (`id`),
  UNIQUE KEY `username_UNIQUE` (`username`),
  UNIQUE KEY `id_UNIQUE` (`id`),
  UNIQUE KEY `email_UNIQUE` (`email`),
  UNIQUE KEY `APIKey_UNIQUE` (`APIKey`)
) ENGINE=InnoDB AUTO_INCREMENT=2 DEFAULT CHARSET=utf8mb4 COLLATE=utf8mb4_0900_ai_ci;
/*!40101 SET character_set_client = @saved_cs_client */;

--
-- Dumping data for table `users`
--

LOCK TABLES `users` WRITE;
/*!40000 ALTER TABLE `users` DISABLE KEYS */;
INSERT INTO `users` VALUES (1,'jamiema','Jamiema1!','Jamie','Ma','jkmm.1024@gmail.com','');
/*!40000 ALTER TABLE `users` ENABLE KEYS */;
UNLOCK TABLES;
SET @@SESSION.SQL_LOG_BIN = @MYSQLDUMP_TEMP_LOG_BIN;
/*!40103 SET TIME_ZONE=@OLD_TIME_ZONE */;

/*!40101 SET SQL_MODE=@OLD_SQL_MODE */;
/*!40014 SET FOREIGN_KEY_CHECKS=@OLD_FOREIGN_KEY_CHECKS */;
/*!40014 SET UNIQUE_CHECKS=@OLD_UNIQUE_CHECKS */;
/*!40101 SET CHARACTER_SET_CLIENT=@OLD_CHARACTER_SET_CLIENT */;
/*!40101 SET CHARACTER_SET_RESULTS=@OLD_CHARACTER_SET_RESULTS */;
/*!40101 SET COLLATION_CONNECTION=@OLD_COLLATION_CONNECTION */;
/*!40111 SET SQL_NOTES=@OLD_SQL_NOTES */;

-- Dump completed on 2025-01-25 23:35:57
